<annotation>
	<folder>test_data</folder>
	<filename>02-5-ways-to-preserve-flowers-silica-gel-768x512.jpg</filename>
	<path>C:\Users\Debjani\Anaconda3\Tensorflow\addons\labelImg\test_data\02-5-ways-to-preserve-flowers-silica-gel-768x512.jpg</path>
	<source>
		<database>Unknown</database>
	</source>
	<size>
		<width>800</width>
		<height>600</height>
		<depth>3</depth>
	</size>
	<segmented>0</segmented>
	<object>
		<name>flowers</name>
		<pose>Unspecified</pose>
		<truncated>1</truncated>
		<difficult>0</difficult>
		<bndbox>
			<xmin>1</xmin>
			<ymin>8</ymin>
			<xmax>754</xmax>
			<ymax>600</ymax>
		</bndbox>
	</object>
</annotation>
