<annotation>
	<folder>new</folder>
	<filename>0974_Ecology_Water_MVI_7136.jpg</filename>
	<path>C:\Users\Debjani\Anaconda3\Tensorflow\addons\labelImg\images\new\0974_Ecology_Water_MVI_7136.jpg</path>
	<source>
		<database>Unknown</database>
	</source>
	<size>
		<width>800</width>
		<height>600</height>
		<depth>3</depth>
	</size>
	<segmented>0</segmented>
	<object>
		<name>paper</name>
		<pose>Unspecified</pose>
		<truncated>0</truncated>
		<difficult>0</difficult>
		<bndbox>
			<xmin>376</xmin>
			<ymin>169</ymin>
			<xmax>722</xmax>
			<ymax>363</ymax>
		</bndbox>
	</object>
</annotation>
