<annotation>
	<folder>test_image</folder>
	<filename>0C7A58B8-2DB1-49FF-9F7C-EE5B941A0508-600x600.jpg</filename>
	<path>C:\Users\Debjani\Anaconda3\Tensorflow\addons\labelImg\test_image\0C7A58B8-2DB1-49FF-9F7C-EE5B941A0508-600x600.jpg</path>
	<source>
		<database>Unknown</database>
	</source>
	<size>
		<width>800</width>
		<height>600</height>
		<depth>3</depth>
	</size>
	<segmented>0</segmented>
	<object>
		<name>flowers</name>
		<pose>Unspecified</pose>
		<truncated>0</truncated>
		<difficult>0</difficult>
		<bndbox>
			<xmin>154</xmin>
			<ymin>204</ymin>
			<xmax>659</xmax>
			<ymax>489</ymax>
		</bndbox>
	</object>
	<object>
		<name>flowers</name>
		<pose>Unspecified</pose>
		<truncated>0</truncated>
		<difficult>0</difficult>
		<bndbox>
			<xmin>152</xmin>
			<ymin>508</ymin>
			<xmax>472</xmax>
			<ymax>589</ymax>
		</bndbox>
	</object>
</annotation>
