<annotation>
	<folder>new</folder>
	<filename>1-19121G4131J13.jpg</filename>
	<path>C:\Users\Debjani\Anaconda3\Tensorflow\addons\labelImg\images\new\1-19121G4131J13.jpg</path>
	<source>
		<database>Unknown</database>
	</source>
	<size>
		<width>800</width>
		<height>600</height>
		<depth>3</depth>
	</size>
	<segmented>0</segmented>
	<object>
		<name>circuit_board</name>
		<pose>Unspecified</pose>
		<truncated>0</truncated>
		<difficult>0</difficult>
		<bndbox>
			<xmin>150</xmin>
			<ymin>74</ymin>
			<xmax>681</xmax>
			<ymax>311</ymax>
		</bndbox>
	</object>
	<object>
		<name>circuit_board</name>
		<pose>Unspecified</pose>
		<truncated>1</truncated>
		<difficult>0</difficult>
		<bndbox>
			<xmin>299</xmin>
			<ymin>1</ymin>
			<xmax>764</xmax>
			<ymax>130</ymax>
		</bndbox>
	</object>
	<object>
		<name>circuit_board</name>
		<pose>Unspecified</pose>
		<truncated>1</truncated>
		<difficult>0</difficult>
		<bndbox>
			<xmin>2</xmin>
			<ymin>384</ymin>
			<xmax>333</xmax>
			<ymax>600</ymax>
		</bndbox>
	</object>
	<object>
		<name>circuit_board</name>
		<pose>Unspecified</pose>
		<truncated>0</truncated>
		<difficult>0</difficult>
		<bndbox>
			<xmin>297</xmin>
			<ymin>311</ymin>
			<xmax>681</xmax>
			<ymax>521</ymax>
		</bndbox>
	</object>
	<object>
		<name>circuit_board</name>
		<pose>Unspecified</pose>
		<truncated>1</truncated>
		<difficult>0</difficult>
		<bndbox>
			<xmin>1</xmin>
			<ymin>60</ymin>
			<xmax>216</xmax>
			<ymax>176</ymax>
		</bndbox>
	</object>
</annotation>
