<annotation>
	<folder>new</folder>
	<filename>101655511-used-alkaline-batteries-lie-in-the-soil-where-plants-grow-the-concept-of-environmental-pollution-wit.jpg</filename>
	<path>C:\Users\Debjani\Anaconda3\Tensorflow\addons\labelImg\images\new\101655511-used-alkaline-batteries-lie-in-the-soil-where-plants-grow-the-concept-of-environmental-pollution-wit.jpg</path>
	<source>
		<database>Unknown</database>
	</source>
	<size>
		<width>800</width>
		<height>600</height>
		<depth>3</depth>
	</size>
	<segmented>0</segmented>
	<object>
		<name>battery</name>
		<pose>Unspecified</pose>
		<truncated>0</truncated>
		<difficult>0</difficult>
		<bndbox>
			<xmin>560</xmin>
			<ymin>280</ymin>
			<xmax>682</xmax>
			<ymax>539</ymax>
		</bndbox>
	</object>
	<object>
		<name>battery</name>
		<pose>Unspecified</pose>
		<truncated>0</truncated>
		<difficult>0</difficult>
		<bndbox>
			<xmin>121</xmin>
			<ymin>157</ymin>
			<xmax>263</xmax>
			<ymax>344</ymax>
		</bndbox>
	</object>
	<object>
		<name>battery</name>
		<pose>Unspecified</pose>
		<truncated>0</truncated>
		<difficult>0</difficult>
		<bndbox>
			<xmin>136</xmin>
			<ymin>298</ymin>
			<xmax>370</xmax>
			<ymax>425</ymax>
		</bndbox>
	</object>
	<object>
		<name>battery</name>
		<pose>Unspecified</pose>
		<truncated>0</truncated>
		<difficult>0</difficult>
		<bndbox>
			<xmin>628</xmin>
			<ymin>86</ymin>
			<xmax>705</xmax>
			<ymax>244</ymax>
		</bndbox>
	</object>
</annotation>
