<annotation>
	<folder>train</folder>
	<filename>1024px-Engangskrus_-_one_time_cup_in_plastics_on_the_beach_of_Bantayan_2-1024x683.jpg</filename>
	<path>C:\Users\Debjani\Anaconda3\Tensorflow\addons\labelImg\images\train\1024px-Engangskrus_-_one_time_cup_in_plastics_on_the_beach_of_Bantayan_2-1024x683.jpg</path>
	<source>
		<database>Unknown</database>
	</source>
	<size>
		<width>800</width>
		<height>600</height>
		<depth>3</depth>
	</size>
	<segmented>0</segmented>
	<object>
		<name>cup</name>
		<pose>Unspecified</pose>
		<truncated>0</truncated>
		<difficult>0</difficult>
		<bndbox>
			<xmin>132</xmin>
			<ymin>89</ymin>
			<xmax>396</xmax>
			<ymax>438</ymax>
		</bndbox>
	</object>
</annotation>
