<annotation>
	<folder>train</folder>
	<filename>104348710-empty-plastic-bag-dumped-in-the-nature-environmental-pollution-concept-.jpg</filename>
	<path>C:\Users\Debjani\Anaconda3\Tensorflow\addons\labelImg\images\train\104348710-empty-plastic-bag-dumped-in-the-nature-environmental-pollution-concept-.jpg</path>
	<source>
		<database>Unknown</database>
	</source>
	<size>
		<width>800</width>
		<height>600</height>
		<depth>3</depth>
	</size>
	<segmented>0</segmented>
	<object>
		<name>plastic</name>
		<pose>Unspecified</pose>
		<truncated>0</truncated>
		<difficult>0</difficult>
		<bndbox>
			<xmin>380</xmin>
			<ymin>142</ymin>
			<xmax>632</xmax>
			<ymax>435</ymax>
		</bndbox>
	</object>
</annotation>
