<annotation>
	<folder>train</folder>
	<filename>104607631-crushed-rusty-aluminum-can-lying-on-ground-in-forest-garbage-polluting-environment-.jpg</filename>
	<path>C:\Users\Debjani\Anaconda3\Tensorflow\addons\labelImg\images\train\104607631-crushed-rusty-aluminum-can-lying-on-ground-in-forest-garbage-polluting-environment-.jpg</path>
	<source>
		<database>Unknown</database>
	</source>
	<size>
		<width>800</width>
		<height>600</height>
		<depth>3</depth>
	</size>
	<segmented>0</segmented>
	<object>
		<name>can</name>
		<pose>Unspecified</pose>
		<truncated>0</truncated>
		<difficult>0</difficult>
		<bndbox>
			<xmin>302</xmin>
			<ymin>198</ymin>
			<xmax>540</xmax>
			<ymax>440</ymax>
		</bndbox>
	</object>
</annotation>
