<annotation>
	<folder>train</folder>
	<filename>1197512_134991-Nip6.jpg</filename>
	<path>C:\Users\Debjani\Anaconda3\Tensorflow\addons\labelImg\images\train\1197512_134991-Nip6.jpg</path>
	<source>
		<database>Unknown</database>
	</source>
	<size>
		<width>800</width>
		<height>600</height>
		<depth>3</depth>
	</size>
	<segmented>0</segmented>
	<object>
		<name>bottle</name>
		<pose>Unspecified</pose>
		<truncated>0</truncated>
		<difficult>0</difficult>
		<bndbox>
			<xmin>282</xmin>
			<ymin>175</ymin>
			<xmax>555</xmax>
			<ymax>500</ymax>
		</bndbox>
	</object>
</annotation>
