<annotation>
	<folder>train</folder>
	<filename>122249428-butt-of-a-cigarette-on-ground.jpg</filename>
	<path>C:\Users\Debjani\Anaconda3\Tensorflow\addons\labelImg\images\train\122249428-butt-of-a-cigarette-on-ground.jpg</path>
	<source>
		<database>Unknown</database>
	</source>
	<size>
		<width>800</width>
		<height>600</height>
		<depth>3</depth>
	</size>
	<segmented>0</segmented>
	<object>
		<name>burned_cigarette</name>
		<pose>Unspecified</pose>
		<truncated>0</truncated>
		<difficult>0</difficult>
		<bndbox>
			<xmin>187</xmin>
			<ymin>327</ymin>
			<xmax>470</xmax>
			<ymax>534</ymax>
		</bndbox>
	</object>
</annotation>
