<annotation>
	<folder>train</folder>
	<filename>139287861-discarded-computer-spare-parts-e-waste-pile-detail-from-hardware-electronic-pc-components-as-keyboar.jpg</filename>
	<path>C:\Users\Debjani\Anaconda3\Tensorflow\addons\labelImg\images\train\139287861-discarded-computer-spare-parts-e-waste-pile-detail-from-hardware-electronic-pc-components-as-keyboar.jpg</path>
	<source>
		<database>Unknown</database>
	</source>
	<size>
		<width>800</width>
		<height>600</height>
		<depth>3</depth>
	</size>
	<segmented>0</segmented>
	<object>
		<name>keyboard</name>
		<pose>Unspecified</pose>
		<truncated>0</truncated>
		<difficult>0</difficult>
		<bndbox>
			<xmin>39</xmin>
			<ymin>286</ymin>
			<xmax>757</xmax>
			<ymax>528</ymax>
		</bndbox>
	</object>
	<object>
		<name>circuit_board</name>
		<pose>Unspecified</pose>
		<truncated>0</truncated>
		<difficult>0</difficult>
		<bndbox>
			<xmin>215</xmin>
			<ymin>104</ymin>
			<xmax>451</xmax>
			<ymax>276</ymax>
		</bndbox>
	</object>
	<object>
		<name>circuit_board</name>
		<pose>Unspecified</pose>
		<truncated>0</truncated>
		<difficult>0</difficult>
		<bndbox>
			<xmin>350</xmin>
			<ymin>246</ymin>
			<xmax>500</xmax>
			<ymax>301</ymax>
		</bndbox>
	</object>
</annotation>
