<annotation>
	<folder>need to add in train</folder>
	<filename>148774664.jpg</filename>
	<path>C:\Users\Debjani\Anaconda3\Tensorflow\addons\labelImg\test_data\need to add in train\148774664.jpg</path>
	<source>
		<database>Unknown</database>
	</source>
	<size>
		<width>800</width>
		<height>600</height>
		<depth>3</depth>
	</size>
	<segmented>0</segmented>
	<object>
		<name>flowers</name>
		<pose>Unspecified</pose>
		<truncated>0</truncated>
		<difficult>0</difficult>
		<bndbox>
			<xmin>212</xmin>
			<ymin>50</ymin>
			<xmax>406</xmax>
			<ymax>269</ymax>
		</bndbox>
	</object>
	<object>
		<name>flowers</name>
		<pose>Unspecified</pose>
		<truncated>0</truncated>
		<difficult>0</difficult>
		<bndbox>
			<xmin>328</xmin>
			<ymin>241</ymin>
			<xmax>527</xmax>
			<ymax>471</ymax>
		</bndbox>
	</object>
	<object>
		<name>flowers</name>
		<pose>Unspecified</pose>
		<truncated>1</truncated>
		<difficult>0</difficult>
		<bndbox>
			<xmin>481</xmin>
			<ymin>53</ymin>
			<xmax>800</xmax>
			<ymax>325</ymax>
		</bndbox>
	</object>
</annotation>
