<annotation>
	<folder>need to add in train</folder>
	<filename>160437164153de390a9c75b7bcaff99ef936afc783.jpg</filename>
	<path>C:\Users\Debjani\Anaconda3\Tensorflow\addons\labelImg\test_data\need to add in train\160437164153de390a9c75b7bcaff99ef936afc783.jpg</path>
	<source>
		<database>Unknown</database>
	</source>
	<size>
		<width>800</width>
		<height>600</height>
		<depth>3</depth>
	</size>
	<segmented>0</segmented>
	<object>
		<name>circuit_board</name>
		<pose>Unspecified</pose>
		<truncated>0</truncated>
		<difficult>0</difficult>
		<bndbox>
			<xmin>57</xmin>
			<ymin>67</ymin>
			<xmax>731</xmax>
			<ymax>535</ymax>
		</bndbox>
	</object>
</annotation>
