<annotation>
	<folder>train</folder>
	<filename>180824-oregon-cigarette-cleanup-al-1646_c1ffc2ed87fd0f3222c4f11621d4da7bfit-1240w.jpg</filename>
	<path>C:\Users\Debjani\Anaconda3\Tensorflow\addons\labelImg\images\train\180824-oregon-cigarette-cleanup-al-1646_c1ffc2ed87fd0f3222c4f11621d4da7bfit-1240w.jpg</path>
	<source>
		<database>Unknown</database>
	</source>
	<size>
		<width>800</width>
		<height>600</height>
		<depth>3</depth>
	</size>
	<segmented>0</segmented>
	<object>
		<name>burned_cigarette</name>
		<pose>Unspecified</pose>
		<truncated>0</truncated>
		<difficult>0</difficult>
		<bndbox>
			<xmin>63</xmin>
			<ymin>308</ymin>
			<xmax>170</xmax>
			<ymax>349</ymax>
		</bndbox>
	</object>
	<object>
		<name>burned_cigarette</name>
		<pose>Unspecified</pose>
		<truncated>0</truncated>
		<difficult>0</difficult>
		<bndbox>
			<xmin>357</xmin>
			<ymin>189</ymin>
			<xmax>418</xmax>
			<ymax>283</ymax>
		</bndbox>
	</object>
	<object>
		<name>burned_cigarette</name>
		<pose>Unspecified</pose>
		<truncated>0</truncated>
		<difficult>0</difficult>
		<bndbox>
			<xmin>626</xmin>
			<ymin>186</ymin>
			<xmax>722</xmax>
			<ymax>269</ymax>
		</bndbox>
	</object>
	<object>
		<name>burned_cigarette</name>
		<pose>Unspecified</pose>
		<truncated>0</truncated>
		<difficult>0</difficult>
		<bndbox>
			<xmin>166</xmin>
			<ymin>308</ymin>
			<xmax>264</xmax>
			<ymax>380</ymax>
		</bndbox>
	</object>
	<object>
		<name>burned_cigarette</name>
		<pose>Unspecified</pose>
		<truncated>0</truncated>
		<difficult>0</difficult>
		<bndbox>
			<xmin>256</xmin>
			<ymin>344</ymin>
			<xmax>319</xmax>
			<ymax>429</ymax>
		</bndbox>
	</object>
	<object>
		<name>burned_cigarette</name>
		<pose>Unspecified</pose>
		<truncated>0</truncated>
		<difficult>0</difficult>
		<bndbox>
			<xmin>261</xmin>
			<ymin>131</ymin>
			<xmax>347</xmax>
			<ymax>193</ymax>
		</bndbox>
	</object>
	<object>
		<name>burned_cigarette</name>
		<pose>Unspecified</pose>
		<truncated>0</truncated>
		<difficult>0</difficult>
		<bndbox>
			<xmin>282</xmin>
			<ymin>76</ymin>
			<xmax>378</xmax>
			<ymax>127</ymax>
		</bndbox>
	</object>
	<object>
		<name>burned_cigarette</name>
		<pose>Unspecified</pose>
		<truncated>0</truncated>
		<difficult>0</difficult>
		<bndbox>
			<xmin>65</xmin>
			<ymin>87</ymin>
			<xmax>168</xmax>
			<ymax>151</ymax>
		</bndbox>
	</object>
	<object>
		<name>burned_cigarette</name>
		<pose>Unspecified</pose>
		<truncated>0</truncated>
		<difficult>0</difficult>
		<bndbox>
			<xmin>500</xmin>
			<ymin>54</ymin>
			<xmax>594</xmax>
			<ymax>120</ymax>
		</bndbox>
	</object>
	<object>
		<name>burned_cigarette</name>
		<pose>Unspecified</pose>
		<truncated>0</truncated>
		<difficult>0</difficult>
		<bndbox>
			<xmin>308</xmin>
			<ymin>453</ymin>
			<xmax>391</xmax>
			<ymax>536</ymax>
		</bndbox>
	</object>
	<object>
		<name>burned_cigarette</name>
		<pose>Unspecified</pose>
		<truncated>0</truncated>
		<difficult>0</difficult>
		<bndbox>
			<xmin>390</xmin>
			<ymin>413</ymin>
			<xmax>437</xmax>
			<ymax>514</ymax>
		</bndbox>
	</object>
	<object>
		<name>burned_cigarette</name>
		<pose>Unspecified</pose>
		<truncated>0</truncated>
		<difficult>0</difficult>
		<bndbox>
			<xmin>89</xmin>
			<ymin>449</ymin>
			<xmax>210</xmax>
			<ymax>485</ymax>
		</bndbox>
	</object>
	<object>
		<name>burned_cigarette</name>
		<pose>Unspecified</pose>
		<truncated>0</truncated>
		<difficult>0</difficult>
		<bndbox>
			<xmin>515</xmin>
			<ymin>304</ymin>
			<xmax>639</xmax>
			<ymax>378</ymax>
		</bndbox>
	</object>
	<object>
		<name>burned_cigarette</name>
		<pose>Unspecified</pose>
		<truncated>0</truncated>
		<difficult>0</difficult>
		<bndbox>
			<xmin>536</xmin>
			<ymin>278</ymin>
			<xmax>637</xmax>
			<ymax>340</ymax>
		</bndbox>
	</object>
	<object>
		<name>burned_cigarette</name>
		<pose>Unspecified</pose>
		<truncated>0</truncated>
		<difficult>0</difficult>
		<bndbox>
			<xmin>493</xmin>
			<ymin>190</ymin>
			<xmax>548</xmax>
			<ymax>296</ymax>
		</bndbox>
	</object>
	<object>
		<name>burned_cigarette</name>
		<pose>Unspecified</pose>
		<truncated>0</truncated>
		<difficult>0</difficult>
		<bndbox>
			<xmin>558</xmin>
			<ymin>407</ymin>
			<xmax>664</xmax>
			<ymax>452</ymax>
		</bndbox>
	</object>
	<object>
		<name>burned_cigarette</name>
		<pose>Unspecified</pose>
		<truncated>0</truncated>
		<difficult>0</difficult>
		<bndbox>
			<xmin>597</xmin>
			<ymin>478</ymin>
			<xmax>648</xmax>
			<ymax>599</ymax>
		</bndbox>
	</object>
	<object>
		<name>burned_cigarette</name>
		<pose>Unspecified</pose>
		<truncated>0</truncated>
		<difficult>0</difficult>
		<bndbox>
			<xmin>277</xmin>
			<ymin>462</ymin>
			<xmax>334</xmax>
			<ymax>598</ymax>
		</bndbox>
	</object>
	<object>
		<name>burned_cigarette</name>
		<pose>Unspecified</pose>
		<truncated>0</truncated>
		<difficult>0</difficult>
		<bndbox>
			<xmin>456</xmin>
			<ymin>88</ymin>
			<xmax>500</xmax>
			<ymax>208</ymax>
		</bndbox>
	</object>
	<object>
		<name>burned_cigarette</name>
		<pose>Unspecified</pose>
		<truncated>0</truncated>
		<difficult>0</difficult>
		<bndbox>
			<xmin>159</xmin>
			<ymin>4</ymin>
			<xmax>232</xmax>
			<ymax>104</ymax>
		</bndbox>
	</object>
	<object>
		<name>burned_cigarette</name>
		<pose>Unspecified</pose>
		<truncated>0</truncated>
		<difficult>0</difficult>
		<bndbox>
			<xmin>5</xmin>
			<ymin>496</ymin>
			<xmax>102</xmax>
			<ymax>559</ymax>
		</bndbox>
	</object>
	<object>
		<name>burned_cigarette</name>
		<pose>Unspecified</pose>
		<truncated>0</truncated>
		<difficult>0</difficult>
		<bndbox>
			<xmin>82</xmin>
			<ymin>364</ymin>
			<xmax>177</xmax>
			<ymax>417</ymax>
		</bndbox>
	</object>
	<object>
		<name>burned_cigarette</name>
		<pose>Unspecified</pose>
		<truncated>0</truncated>
		<difficult>0</difficult>
		<bndbox>
			<xmin>99</xmin>
			<ymin>143</ymin>
			<xmax>158</xmax>
			<ymax>235</ymax>
		</bndbox>
	</object>
	<object>
		<name>burned_cigarette</name>
		<pose>Unspecified</pose>
		<truncated>0</truncated>
		<difficult>0</difficult>
		<bndbox>
			<xmin>287</xmin>
			<ymin>29</ymin>
			<xmax>427</xmax>
			<ymax>80</ymax>
		</bndbox>
	</object>
	<object>
		<name>burned_cigarette</name>
		<pose>Unspecified</pose>
		<truncated>0</truncated>
		<difficult>0</difficult>
		<bndbox>
			<xmin>218</xmin>
			<ymin>133</ymin>
			<xmax>271</xmax>
			<ymax>257</ymax>
		</bndbox>
	</object>
	<object>
		<name>burned_cigarette</name>
		<pose>Unspecified</pose>
		<truncated>0</truncated>
		<difficult>0</difficult>
		<bndbox>
			<xmin>354</xmin>
			<ymin>274</ymin>
			<xmax>440</xmax>
			<ymax>353</ymax>
		</bndbox>
	</object>
	<object>
		<name>burned_cigarette</name>
		<pose>Unspecified</pose>
		<truncated>0</truncated>
		<difficult>0</difficult>
		<bndbox>
			<xmin>410</xmin>
			<ymin>314</ymin>
			<xmax>487</xmax>
			<ymax>405</ymax>
		</bndbox>
	</object>
	<object>
		<name>burned_cigarette</name>
		<pose>Unspecified</pose>
		<truncated>0</truncated>
		<difficult>0</difficult>
		<bndbox>
			<xmin>129</xmin>
			<ymin>232</ymin>
			<xmax>187</xmax>
			<ymax>300</ymax>
		</bndbox>
	</object>
	<object>
		<name>burned_cigarette</name>
		<pose>Unspecified</pose>
		<truncated>1</truncated>
		<difficult>0</difficult>
		<bndbox>
			<xmin>679</xmin>
			<ymin>453</ymin>
			<xmax>800</xmax>
			<ymax>512</ymax>
		</bndbox>
	</object>
	<object>
		<name>burned_cigarette</name>
		<pose>Unspecified</pose>
		<truncated>0</truncated>
		<difficult>0</difficult>
		<bndbox>
			<xmin>486</xmin>
			<ymin>19</ymin>
			<xmax>565</xmax>
			<ymax>79</ymax>
		</bndbox>
	</object>
	<object>
		<name>burned_cigarette</name>
		<pose>Unspecified</pose>
		<truncated>0</truncated>
		<difficult>0</difficult>
		<bndbox>
			<xmin>515</xmin>
			<ymin>121</ymin>
			<xmax>554</xmax>
			<ymax>202</ymax>
		</bndbox>
	</object>
	<object>
		<name>burned_cigarette</name>
		<pose>Unspecified</pose>
		<truncated>0</truncated>
		<difficult>0</difficult>
		<bndbox>
			<xmin>477</xmin>
			<ymin>411</ymin>
			<xmax>564</xmax>
			<ymax>459</ymax>
		</bndbox>
	</object>
	<object>
		<name>burned_cigarette</name>
		<pose>Unspecified</pose>
		<truncated>0</truncated>
		<difficult>0</difficult>
		<bndbox>
			<xmin>608</xmin>
			<ymin>72</ymin>
			<xmax>707</xmax>
			<ymax>121</ymax>
		</bndbox>
	</object>
	<object>
		<name>burned_cigarette</name>
		<pose>Unspecified</pose>
		<truncated>0</truncated>
		<difficult>0</difficult>
		<bndbox>
			<xmin>23</xmin>
			<ymin>517</ymin>
			<xmax>123</xmax>
			<ymax>580</ymax>
		</bndbox>
	</object>
	<object>
		<name>burned_cigarette</name>
		<pose>Unspecified</pose>
		<truncated>1</truncated>
		<difficult>0</difficult>
		<bndbox>
			<xmin>532</xmin>
			<ymin>496</ymin>
			<xmax>577</xmax>
			<ymax>600</ymax>
		</bndbox>
	</object>
	<object>
		<name>burned_cigarette</name>
		<pose>Unspecified</pose>
		<truncated>0</truncated>
		<difficult>0</difficult>
		<bndbox>
			<xmin>653</xmin>
			<ymin>497</ymin>
			<xmax>765</xmax>
			<ymax>555</ymax>
		</bndbox>
	</object>
</annotation>
