<annotation>
	<folder>train</folder>
	<filename>192005830-25aea12d-b63e-4171-a847-a62a8cd1275c.jpg</filename>
	<path>C:\Users\Debjani\Anaconda3\Tensorflow\addons\labelImg\images\train\192005830-25aea12d-b63e-4171-a847-a62a8cd1275c.jpg</path>
	<source>
		<database>Unknown</database>
	</source>
	<size>
		<width>800</width>
		<height>600</height>
		<depth>3</depth>
	</size>
	<segmented>0</segmented>
	<object>
		<name>bottle</name>
		<pose>Unspecified</pose>
		<truncated>0</truncated>
		<difficult>0</difficult>
		<bndbox>
			<xmin>439</xmin>
			<ymin>148</ymin>
			<xmax>600</xmax>
			<ymax>564</ymax>
		</bndbox>
	</object>
	<object>
		<name>can</name>
		<pose>Unspecified</pose>
		<truncated>0</truncated>
		<difficult>0</difficult>
		<bndbox>
			<xmin>34</xmin>
			<ymin>335</ymin>
			<xmax>151</xmax>
			<ymax>446</ymax>
		</bndbox>
	</object>
</annotation>
