<annotation>
	<folder>new_1</folder>
	<filename>1_GigvVbcAwZ-Sem1mV5cqnA.jpg</filename>
	<path>C:\Users\Debjani\Anaconda3\Tensorflow\addons\labelImg\images\new_1\1_GigvVbcAwZ-Sem1mV5cqnA.jpg</path>
	<source>
		<database>Unknown</database>
	</source>
	<size>
		<width>800</width>
		<height>600</height>
		<depth>3</depth>
	</size>
	<segmented>0</segmented>
	<object>
		<name>flowers</name>
		<pose>Unspecified</pose>
		<truncated>0</truncated>
		<difficult>0</difficult>
		<bndbox>
			<xmin>250</xmin>
			<ymin>18</ymin>
			<xmax>746</xmax>
			<ymax>383</ymax>
		</bndbox>
	</object>
	<object>
		<name>plastic</name>
		<pose>Unspecified</pose>
		<truncated>0</truncated>
		<difficult>0</difficult>
		<bndbox>
			<xmin>461</xmin>
			<ymin>163</ymin>
			<xmax>531</xmax>
			<ymax>271</ymax>
		</bndbox>
	</object>
	<object>
		<name>plastic</name>
		<pose>Unspecified</pose>
		<truncated>0</truncated>
		<difficult>0</difficult>
		<bndbox>
			<xmin>574</xmin>
			<ymin>301</ymin>
			<xmax>637</xmax>
			<ymax>374</ymax>
		</bndbox>
	</object>
	<object>
		<name>flowers</name>
		<pose>Unspecified</pose>
		<truncated>0</truncated>
		<difficult>0</difficult>
		<bndbox>
			<xmin>57</xmin>
			<ymin>381</ymin>
			<xmax>140</xmax>
			<ymax>511</ymax>
		</bndbox>
	</object>
	<object>
		<name>flowers</name>
		<pose>Unspecified</pose>
		<truncated>0</truncated>
		<difficult>0</difficult>
		<bndbox>
			<xmin>548</xmin>
			<ymin>496</ymin>
			<xmax>656</xmax>
			<ymax>552</ymax>
		</bndbox>
	</object>
</annotation>
