<annotation>
	<folder>new</folder>
	<filename>2-1Z30G1324J30.jpg</filename>
	<path>C:\Users\Debjani\Anaconda3\Tensorflow\addons\labelImg\images\new\2-1Z30G1324J30.jpg</path>
	<source>
		<database>Unknown</database>
	</source>
	<size>
		<width>800</width>
		<height>600</height>
		<depth>3</depth>
	</size>
	<segmented>0</segmented>
	<object>
		<name>circuit_board</name>
		<pose>Unspecified</pose>
		<truncated>0</truncated>
		<difficult>0</difficult>
		<bndbox>
			<xmin>213</xmin>
			<ymin>94</ymin>
			<xmax>479</xmax>
			<ymax>187</ymax>
		</bndbox>
	</object>
	<object>
		<name>circuit_board</name>
		<pose>Unspecified</pose>
		<truncated>0</truncated>
		<difficult>0</difficult>
		<bndbox>
			<xmin>188</xmin>
			<ymin>184</ymin>
			<xmax>424</xmax>
			<ymax>353</ymax>
		</bndbox>
	</object>
	<object>
		<name>circuit_board</name>
		<pose>Unspecified</pose>
		<truncated>0</truncated>
		<difficult>0</difficult>
		<bndbox>
			<xmin>211</xmin>
			<ymin>295</ymin>
			<xmax>433</xmax>
			<ymax>516</ymax>
		</bndbox>
	</object>
	<object>
		<name>circuit_board</name>
		<pose>Unspecified</pose>
		<truncated>0</truncated>
		<difficult>0</difficult>
		<bndbox>
			<xmin>4</xmin>
			<ymin>156</ymin>
			<xmax>194</xmax>
			<ymax>283</ymax>
		</bndbox>
	</object>
	<object>
		<name>circuit_board</name>
		<pose>Unspecified</pose>
		<truncated>1</truncated>
		<difficult>0</difficult>
		<bndbox>
			<xmin>21</xmin>
			<ymin>1</ymin>
			<xmax>255</xmax>
			<ymax>128</ymax>
		</bndbox>
	</object>
	<object>
		<name>circuit_board</name>
		<pose>Unspecified</pose>
		<truncated>1</truncated>
		<difficult>0</difficult>
		<bndbox>
			<xmin>633</xmin>
			<ymin>179</ymin>
			<xmax>800</xmax>
			<ymax>367</ymax>
		</bndbox>
	</object>
	<object>
		<name>circuit_board</name>
		<pose>Unspecified</pose>
		<truncated>0</truncated>
		<difficult>0</difficult>
		<bndbox>
			<xmin>534</xmin>
			<ymin>295</ymin>
			<xmax>691</xmax>
			<ymax>585</ymax>
		</bndbox>
	</object>
	<object>
		<name>circuit_board</name>
		<pose>Unspecified</pose>
		<truncated>1</truncated>
		<difficult>0</difficult>
		<bndbox>
			<xmin>1</xmin>
			<ymin>340</ymin>
			<xmax>145</xmax>
			<ymax>536</ymax>
		</bndbox>
	</object>
	<object>
		<name>circuit_board</name>
		<pose>Unspecified</pose>
		<truncated>0</truncated>
		<difficult>0</difficult>
		<bndbox>
			<xmin>534</xmin>
			<ymin>106</ymin>
			<xmax>778</xmax>
			<ymax>223</ymax>
		</bndbox>
	</object>
	<object>
		<name>circuit_board</name>
		<pose>Unspecified</pose>
		<truncated>1</truncated>
		<difficult>0</difficult>
		<bndbox>
			<xmin>274</xmin>
			<ymin>1</ymin>
			<xmax>517</xmax>
			<ymax>101</ymax>
		</bndbox>
	</object>
	<object>
		<name>circuit_board</name>
		<pose>Unspecified</pose>
		<truncated>0</truncated>
		<difficult>0</difficult>
		<bndbox>
			<xmin>513</xmin>
			<ymin>8</ymin>
			<xmax>737</xmax>
			<ymax>75</ymax>
		</bndbox>
	</object>
	<object>
		<name>circuit_board</name>
		<pose>Unspecified</pose>
		<truncated>1</truncated>
		<difficult>0</difficult>
		<bndbox>
			<xmin>684</xmin>
			<ymin>368</ymin>
			<xmax>800</xmax>
			<ymax>487</ymax>
		</bndbox>
	</object>
	<object>
		<name>circuit_board</name>
		<pose>Unspecified</pose>
		<truncated>1</truncated>
		<difficult>0</difficult>
		<bndbox>
			<xmin>621</xmin>
			<ymin>469</ymin>
			<xmax>800</xmax>
			<ymax>600</ymax>
		</bndbox>
	</object>
	<object>
		<name>circuit_board</name>
		<pose>Unspecified</pose>
		<truncated>0</truncated>
		<difficult>0</difficult>
		<bndbox>
			<xmin>232</xmin>
			<ymin>496</ymin>
			<xmax>438</xmax>
			<ymax>596</ymax>
		</bndbox>
	</object>
	<object>
		<name>circuit_board</name>
		<pose>Unspecified</pose>
		<truncated>0</truncated>
		<difficult>0</difficult>
		<bndbox>
			<xmin>562</xmin>
			<ymin>68</ymin>
			<xmax>725</xmax>
			<ymax>117</ymax>
		</bndbox>
	</object>
</annotation>
