<annotation>
	<folder>train</folder>
	<filename>2017-12-13t152232z_1746476200_rc1b9ed2bcb0_rtrmadp_3_environment-waste-e1513188560380.jpg</filename>
	<path>C:\Users\Debjani\Anaconda3\Tensorflow\addons\labelImg\images\train\2017-12-13t152232z_1746476200_rc1b9ed2bcb0_rtrmadp_3_environment-waste-e1513188560380.jpg</path>
	<source>
		<database>Unknown</database>
	</source>
	<size>
		<width>800</width>
		<height>600</height>
		<depth>3</depth>
	</size>
	<segmented>0</segmented>
	<object>
		<name>tv_pc</name>
		<pose>Unspecified</pose>
		<truncated>0</truncated>
		<difficult>0</difficult>
		<bndbox>
			<xmin>240</xmin>
			<ymin>353</ymin>
			<xmax>519</xmax>
			<ymax>598</ymax>
		</bndbox>
	</object>
	<object>
		<name>tv_pc</name>
		<pose>Unspecified</pose>
		<truncated>0</truncated>
		<difficult>0</difficult>
		<bndbox>
			<xmin>150</xmin>
			<ymin>26</ymin>
			<xmax>261</xmax>
			<ymax>131</ymax>
		</bndbox>
	</object>
	<object>
		<name>printer</name>
		<pose>Unspecified</pose>
		<truncated>0</truncated>
		<difficult>0</difficult>
		<bndbox>
			<xmin>53</xmin>
			<ymin>391</ymin>
			<xmax>242</xmax>
			<ymax>545</ymax>
		</bndbox>
	</object>
	<object>
		<name>printer</name>
		<pose>Unspecified</pose>
		<truncated>0</truncated>
		<difficult>0</difficult>
		<bndbox>
			<xmin>39</xmin>
			<ymin>159</ymin>
			<xmax>151</xmax>
			<ymax>216</ymax>
		</bndbox>
	</object>
</annotation>
