<annotation>
	<folder>train</folder>
	<filename>20923231-discard-a-cigarette-on-the-granit-floor.jpg</filename>
	<path>C:\Users\Debjani\Anaconda3\Tensorflow\addons\labelImg\images\train\20923231-discard-a-cigarette-on-the-granit-floor.jpg</path>
	<source>
		<database>Unknown</database>
	</source>
	<size>
		<width>800</width>
		<height>600</height>
		<depth>3</depth>
	</size>
	<segmented>0</segmented>
	<object>
		<name>burned_cigarette</name>
		<pose>Unspecified</pose>
		<truncated>0</truncated>
		<difficult>0</difficult>
		<bndbox>
			<xmin>177</xmin>
			<ymin>302</ymin>
			<xmax>481</xmax>
			<ymax>404</ymax>
		</bndbox>
	</object>
</annotation>
