<annotation>
	<folder>train</folder>
	<filename>22677093_web1_200917-CAN-garbage-trail-garbage_1.jpg</filename>
	<path>C:\Users\Debjani\Anaconda3\Tensorflow\addons\labelImg\images\train\22677093_web1_200917-CAN-garbage-trail-garbage_1.jpg</path>
	<source>
		<database>Unknown</database>
	</source>
	<size>
		<width>800</width>
		<height>600</height>
		<depth>3</depth>
	</size>
	<segmented>0</segmented>
	<object>
		<name>can</name>
		<pose>Unspecified</pose>
		<truncated>0</truncated>
		<difficult>0</difficult>
		<bndbox>
			<xmin>417</xmin>
			<ymin>239</ymin>
			<xmax>790</xmax>
			<ymax>552</ymax>
		</bndbox>
	</object>
</annotation>
