<annotation>
	<folder>train</folder>
	<filename>26114814245_ad8bd55a9e_k-600x300.jpg</filename>
	<path>C:\Users\Debjani\Anaconda3\Tensorflow\addons\labelImg\images\train\26114814245_ad8bd55a9e_k-600x300.jpg</path>
	<source>
		<database>Unknown</database>
	</source>
	<size>
		<width>800</width>
		<height>600</height>
		<depth>3</depth>
	</size>
	<segmented>0</segmented>
	<object>
		<name>burned_cigarette</name>
		<pose>Unspecified</pose>
		<truncated>0</truncated>
		<difficult>0</difficult>
		<bndbox>
			<xmin>40</xmin>
			<ymin>261</ymin>
			<xmax>572</xmax>
			<ymax>404</ymax>
		</bndbox>
	</object>
</annotation>
