<annotation>
	<folder>new</folder>
	<filename>3679732-empty-plastic-cups-lie-in-the-grass-mug-trash-photocase-stock-photo-large.jpg</filename>
	<path>C:\Users\Debjani\Anaconda3\Tensorflow\addons\labelImg\images\new\3679732-empty-plastic-cups-lie-in-the-grass-mug-trash-photocase-stock-photo-large.jpg</path>
	<source>
		<database>Unknown</database>
	</source>
	<size>
		<width>800</width>
		<height>600</height>
		<depth>3</depth>
	</size>
	<segmented>0</segmented>
	<object>
		<name>cup</name>
		<pose>Unspecified</pose>
		<truncated>0</truncated>
		<difficult>0</difficult>
		<bndbox>
			<xmin>64</xmin>
			<ymin>175</ymin>
			<xmax>210</xmax>
			<ymax>296</ymax>
		</bndbox>
	</object>
	<object>
		<name>cup</name>
		<pose>Unspecified</pose>
		<truncated>0</truncated>
		<difficult>0</difficult>
		<bndbox>
			<xmin>442</xmin>
			<ymin>338</ymin>
			<xmax>614</xmax>
			<ymax>474</ymax>
		</bndbox>
	</object>
	<object>
		<name>cup</name>
		<pose>Unspecified</pose>
		<truncated>0</truncated>
		<difficult>0</difficult>
		<bndbox>
			<xmin>672</xmin>
			<ymin>198</ymin>
			<xmax>783</xmax>
			<ymax>344</ymax>
		</bndbox>
	</object>
</annotation>
