<annotation>
	<folder>new</folder>
	<filename>48749105-old-used-and-obsolete-electronic-keyboards-stack-of-keyboards.jpg</filename>
	<path>C:\Users\Debjani\Anaconda3\Tensorflow\addons\labelImg\images\new\48749105-old-used-and-obsolete-electronic-keyboards-stack-of-keyboards.jpg</path>
	<source>
		<database>Unknown</database>
	</source>
	<size>
		<width>800</width>
		<height>600</height>
		<depth>3</depth>
	</size>
	<segmented>0</segmented>
	<object>
		<name>keyboard</name>
		<pose>Unspecified</pose>
		<truncated>1</truncated>
		<difficult>0</difficult>
		<bndbox>
			<xmin>208</xmin>
			<ymin>122</ymin>
			<xmax>736</xmax>
			<ymax>600</ymax>
		</bndbox>
	</object>
	<object>
		<name>keyboard</name>
		<pose>Unspecified</pose>
		<truncated>1</truncated>
		<difficult>0</difficult>
		<bndbox>
			<xmin>191</xmin>
			<ymin>1</ymin>
			<xmax>666</xmax>
			<ymax>140</ymax>
		</bndbox>
	</object>
	<object>
		<name>keyboard</name>
		<pose>Unspecified</pose>
		<truncated>1</truncated>
		<difficult>0</difficult>
		<bndbox>
			<xmin>1</xmin>
			<ymin>284</ymin>
			<xmax>332</xmax>
			<ymax>554</ymax>
		</bndbox>
	</object>
</annotation>
