<annotation>
	<folder>new</folder>
	<filename>51VYIOhzcUL_SR600,315_PIWhiteS_png.jpg</filename>
	<path>C:\Users\Debjani\Anaconda3\Tensorflow\addons\labelImg\test_image\new\51VYIOhzcUL_SR600,315_PIWhiteS_png.jpg</path>
	<source>
		<database>Unknown</database>
	</source>
	<size>
		<width>800</width>
		<height>600</height>
		<depth>3</depth>
	</size>
	<segmented>0</segmented>
	<object>
		<name>circuit_board</name>
		<pose>Unspecified</pose>
		<truncated>0</truncated>
		<difficult>0</difficult>
		<bndbox>
			<xmin>63</xmin>
			<ymin>9</ymin>
			<xmax>733</xmax>
			<ymax>536</ymax>
		</bndbox>
	</object>
</annotation>
