<annotation>
	<folder>train</folder>
	<filename>5478f1cb1e647eb3f0f67f9a596fe642.jpg</filename>
	<path>C:\Users\Debjani\Anaconda3\Tensorflow\addons\labelImg\images\train\5478f1cb1e647eb3f0f67f9a596fe642.jpg</path>
	<source>
		<database>Unknown</database>
	</source>
	<size>
		<width>800</width>
		<height>600</height>
		<depth>3</depth>
	</size>
	<segmented>0</segmented>
	<object>
		<name>mask</name>
		<pose>Unspecified</pose>
		<truncated>0</truncated>
		<difficult>0</difficult>
		<bndbox>
			<xmin>240</xmin>
			<ymin>235</ymin>
			<xmax>548</xmax>
			<ymax>417</ymax>
		</bndbox>
	</object>
</annotation>
