<annotation>
	<folder>new</folder>
	<filename>59551f3ba3630f62588b5f00.jpg</filename>
	<path>C:\Users\Debjani\Anaconda3\Tensorflow\addons\labelImg\images\new\59551f3ba3630f62588b5f00.jpg</path>
	<source>
		<database>Unknown</database>
	</source>
	<size>
		<width>800</width>
		<height>600</height>
		<depth>3</depth>
	</size>
	<segmented>0</segmented>
	<object>
		<name>keyboard</name>
		<pose>Unspecified</pose>
		<truncated>0</truncated>
		<difficult>0</difficult>
		<bndbox>
			<xmin>167</xmin>
			<ymin>230</ymin>
			<xmax>588</xmax>
			<ymax>414</ymax>
		</bndbox>
	</object>
</annotation>
