<annotation>
	<folder>train</folder>
	<filename>5c911cf2-679b-11e5-af8c-40f2e96c8ad8.jpg</filename>
	<path>C:\Users\Debjani\Anaconda3\Tensorflow\addons\labelImg\images\train\5c911cf2-679b-11e5-af8c-40f2e96c8ad8.jpg</path>
	<source>
		<database>Unknown</database>
	</source>
	<size>
		<width>800</width>
		<height>600</height>
		<depth>3</depth>
	</size>
	<segmented>0</segmented>
	<object>
		<name>bottle</name>
		<pose>Unspecified</pose>
		<truncated>0</truncated>
		<difficult>0</difficult>
		<bndbox>
			<xmin>325</xmin>
			<ymin>257</ymin>
			<xmax>551</xmax>
			<ymax>334</ymax>
		</bndbox>
	</object>
</annotation>
