<annotation>
	<folder>train</folder>
	<filename>5e9ef8f100cc6image.jpg</filename>
	<path>C:\Users\Debjani\Anaconda3\Tensorflow\addons\labelImg\images_v2\train\5e9ef8f100cc6image.jpg</path>
	<source>
		<database>Unknown</database>
	</source>
	<size>
		<width>800</width>
		<height>600</height>
		<depth>3</depth>
	</size>
	<segmented>0</segmented>
	<object>
		<name>gloves</name>
		<pose>Unspecified</pose>
		<truncated>1</truncated>
		<difficult>0</difficult>
		<bndbox>
			<xmin>1</xmin>
			<ymin>326</ymin>
			<xmax>148</xmax>
			<ymax>505</ymax>
		</bndbox>
	</object>
	<object>
		<name>gloves</name>
		<pose>Unspecified</pose>
		<truncated>0</truncated>
		<difficult>0</difficult>
		<bndbox>
			<xmin>358</xmin>
			<ymin>70</ymin>
			<xmax>498</xmax>
			<ymax>195</ymax>
		</bndbox>
	</object>
	<object>
		<name>gloves</name>
		<pose>Unspecified</pose>
		<truncated>0</truncated>
		<difficult>0</difficult>
		<bndbox>
			<xmin>297</xmin>
			<ymin>238</ymin>
			<xmax>503</xmax>
			<ymax>374</ymax>
		</bndbox>
	</object>
	<object>
		<name>gloves</name>
		<pose>Unspecified</pose>
		<truncated>0</truncated>
		<difficult>0</difficult>
		<bndbox>
			<xmin>196</xmin>
			<ymin>369</ymin>
			<xmax>386</xmax>
			<ymax>514</ymax>
		</bndbox>
	</object>
	<object>
		<name>gloves</name>
		<pose>Unspecified</pose>
		<truncated>0</truncated>
		<difficult>0</difficult>
		<bndbox>
			<xmin>343</xmin>
			<ymin>330</ymin>
			<xmax>576</xmax>
			<ymax>442</ymax>
		</bndbox>
	</object>
	<object>
		<name>gloves</name>
		<pose>Unspecified</pose>
		<truncated>0</truncated>
		<difficult>0</difficult>
		<bndbox>
			<xmin>593</xmin>
			<ymin>141</ymin>
			<xmax>742</xmax>
			<ymax>288</ymax>
		</bndbox>
	</object>
</annotation>
