<annotation>
	<folder>train</folder>
	<filename>5ea2a2c310773cfc303a13a1w800.jpg</filename>
	<path>C:\Users\Debjani\Anaconda3\Tensorflow\addons\labelImg\images\train\5ea2a2c310773cfc303a13a1w800.jpg</path>
	<source>
		<database>Unknown</database>
	</source>
	<size>
		<width>800</width>
		<height>600</height>
		<depth>3</depth>
	</size>
	<segmented>0</segmented>
	<object>
		<name>burned_cigarette</name>
		<pose>Unspecified</pose>
		<truncated>0</truncated>
		<difficult>0</difficult>
		<bndbox>
			<xmin>412</xmin>
			<ymin>244</ymin>
			<xmax>645</xmax>
			<ymax>314</ymax>
		</bndbox>
	</object>
</annotation>
