<annotation>
	<folder>test_data</folder>
	<filename>60839700-dirty-old-keyboard-mouse-speakers-for-electronic-recycling.jpg</filename>
	<path>C:\Users\Debjani\Anaconda3\Tensorflow\addons\labelImg\test_data\60839700-dirty-old-keyboard-mouse-speakers-for-electronic-recycling.jpg</path>
	<source>
		<database>Unknown</database>
	</source>
	<size>
		<width>800</width>
		<height>600</height>
		<depth>3</depth>
	</size>
	<segmented>0</segmented>
	<object>
		<name>keyboard</name>
		<pose>Unspecified</pose>
		<truncated>1</truncated>
		<difficult>0</difficult>
		<bndbox>
			<xmin>309</xmin>
			<ymin>1</ymin>
			<xmax>740</xmax>
			<ymax>364</ymax>
		</bndbox>
	</object>
	<object>
		<name>mouse</name>
		<pose>Unspecified</pose>
		<truncated>0</truncated>
		<difficult>0</difficult>
		<bndbox>
			<xmin>219</xmin>
			<ymin>428</ymin>
			<xmax>362</xmax>
			<ymax>575</ymax>
		</bndbox>
	</object>
	<object>
		<name>keyboard</name>
		<pose>Unspecified</pose>
		<truncated>1</truncated>
		<difficult>0</difficult>
		<bndbox>
			<xmin>406</xmin>
			<ymin>286</ymin>
			<xmax>800</xmax>
			<ymax>563</ymax>
		</bndbox>
	</object>
</annotation>
