<annotation>
	<folder>train</folder>
	<filename>61113639-cigarette-butts-on-the-floor.jpg</filename>
	<path>C:\Users\Debjani\Anaconda3\Tensorflow\addons\labelImg\images\train\61113639-cigarette-butts-on-the-floor.jpg</path>
	<source>
		<database>Unknown</database>
	</source>
	<size>
		<width>800</width>
		<height>600</height>
		<depth>3</depth>
	</size>
	<segmented>0</segmented>
	<object>
		<name>burned_cigarette</name>
		<pose>Unspecified</pose>
		<truncated>0</truncated>
		<difficult>0</difficult>
		<bndbox>
			<xmin>326</xmin>
			<ymin>250</ymin>
			<xmax>609</xmax>
			<ymax>460</ymax>
		</bndbox>
	</object>
</annotation>
