<annotation>
	<folder>new</folder>
	<filename>6224jpg_wh860.jpg</filename>
	<path>C:\Users\Debjani\Anaconda3\Tensorflow\addons\labelImg\images\new\6224jpg_wh860.jpg</path>
	<source>
		<database>Unknown</database>
	</source>
	<size>
		<width>800</width>
		<height>600</height>
		<depth>3</depth>
	</size>
	<segmented>0</segmented>
	<object>
		<name>leaf</name>
		<pose>Unspecified</pose>
		<truncated>0</truncated>
		<difficult>0</difficult>
		<bndbox>
			<xmin>101</xmin>
			<ymin>164</ymin>
			<xmax>743</xmax>
			<ymax>444</ymax>
		</bndbox>
	</object>
</annotation>
