<annotation>
	<folder>new</folder>
	<filename>6446339021-37c9316f93-z.jpg</filename>
	<path>C:\Users\Debjani\Anaconda3\Tensorflow\addons\labelImg\images\new\new\6446339021-37c9316f93-z.jpg</path>
	<source>
		<database>Unknown</database>
	</source>
	<size>
		<width>800</width>
		<height>600</height>
		<depth>3</depth>
	</size>
	<segmented>0</segmented>
	<object>
		<name>tv_pc</name>
		<pose>Unspecified</pose>
		<truncated>1</truncated>
		<difficult>0</difficult>
		<bndbox>
			<xmin>10</xmin>
			<ymin>446</ymin>
			<xmax>260</xmax>
			<ymax>600</ymax>
		</bndbox>
	</object>
	<object>
		<name>tv_pc</name>
		<pose>Unspecified</pose>
		<truncated>0</truncated>
		<difficult>0</difficult>
		<bndbox>
			<xmin>179</xmin>
			<ymin>434</ymin>
			<xmax>362</xmax>
			<ymax>597</ymax>
		</bndbox>
	</object>
	<object>
		<name>tv_pc</name>
		<pose>Unspecified</pose>
		<truncated>0</truncated>
		<difficult>0</difficult>
		<bndbox>
			<xmin>201</xmin>
			<ymin>392</ymin>
			<xmax>321</xmax>
			<ymax>446</ymax>
		</bndbox>
	</object>
	<object>
		<name>tv_pc</name>
		<pose>Unspecified</pose>
		<truncated>0</truncated>
		<difficult>0</difficult>
		<bndbox>
			<xmin>481</xmin>
			<ymin>458</ymin>
			<xmax>637</xmax>
			<ymax>598</ymax>
		</bndbox>
	</object>
</annotation>
