<annotation>
	<folder>new</folder>
	<filename>64873f8bb046b63f1dcf45a4bd422430.jpg</filename>
	<path>C:\Users\Debjani\Anaconda3\Tensorflow\addons\labelImg\images\new\64873f8bb046b63f1dcf45a4bd422430.jpg</path>
	<source>
		<database>Unknown</database>
	</source>
	<size>
		<width>800</width>
		<height>600</height>
		<depth>3</depth>
	</size>
	<segmented>0</segmented>
	<object>
		<name>keyboard</name>
		<pose>Unspecified</pose>
		<truncated>0</truncated>
		<difficult>0</difficult>
		<bndbox>
			<xmin>140</xmin>
			<ymin>238</ymin>
			<xmax>694</xmax>
			<ymax>522</ymax>
		</bndbox>
	</object>
</annotation>
