<annotation>
	<folder>train</folder>
	<filename>6823926912_5dd11d0244_b.jpg</filename>
	<path>C:\Users\Debjani\Anaconda3\Tensorflow\addons\labelImg\images\train\6823926912_5dd11d0244_b.jpg</path>
	<source>
		<database>Unknown</database>
	</source>
	<size>
		<width>800</width>
		<height>600</height>
		<depth>3</depth>
	</size>
	<segmented>0</segmented>
	<object>
		<name>can</name>
		<pose>Unspecified</pose>
		<truncated>0</truncated>
		<difficult>0</difficult>
		<bndbox>
			<xmin>176</xmin>
			<ymin>103</ymin>
			<xmax>542</xmax>
			<ymax>502</ymax>
		</bndbox>
	</object>
</annotation>
