<annotation>
	<folder>new</folder>
	<filename>69991862-crumpled-paper-ball-on-the-carpet.jpg</filename>
	<path>C:\Users\Debjani\Anaconda3\Tensorflow\addons\labelImg\images\new\69991862-crumpled-paper-ball-on-the-carpet.jpg</path>
	<source>
		<database>Unknown</database>
	</source>
	<size>
		<width>800</width>
		<height>600</height>
		<depth>3</depth>
	</size>
	<segmented>0</segmented>
	<object>
		<name>paper</name>
		<pose>Unspecified</pose>
		<truncated>0</truncated>
		<difficult>0</difficult>
		<bndbox>
			<xmin>224</xmin>
			<ymin>79</ymin>
			<xmax>624</xmax>
			<ymax>444</ymax>
		</bndbox>
	</object>
</annotation>
