<annotation>
	<folder>train</folder>
	<filename>7116950-smoked-cigarette-smashed-and-littered-on-the-ground-.jpg</filename>
	<path>C:\Users\Debjani\Anaconda3\Tensorflow\addons\labelImg\images\train\7116950-smoked-cigarette-smashed-and-littered-on-the-ground-.jpg</path>
	<source>
		<database>Unknown</database>
	</source>
	<size>
		<width>800</width>
		<height>600</height>
		<depth>3</depth>
	</size>
	<segmented>0</segmented>
	<object>
		<name>burned_cigarette</name>
		<pose>Unspecified</pose>
		<truncated>0</truncated>
		<difficult>0</difficult>
		<bndbox>
			<xmin>388</xmin>
			<ymin>173</ymin>
			<xmax>585</xmax>
			<ymax>296</ymax>
		</bndbox>
	</object>
	<object>
		<name>leaf</name>
		<pose>Unspecified</pose>
		<truncated>0</truncated>
		<difficult>0</difficult>
		<bndbox>
			<xmin>548</xmin>
			<ymin>39</ymin>
			<xmax>762</xmax>
			<ymax>131</ymax>
		</bndbox>
	</object>
</annotation>
