<annotation>
	<folder>train</folder>
	<filename>800px_COLOURBOX3621049.jpg</filename>
	<path>C:\Users\Debjani\Anaconda3\Tensorflow\addons\labelImg\images\train\800px_COLOURBOX3621049.jpg</path>
	<source>
		<database>Unknown</database>
	</source>
	<size>
		<width>800</width>
		<height>600</height>
		<depth>3</depth>
	</size>
	<segmented>0</segmented>
	<object>
		<name>cup</name>
		<pose>Unspecified</pose>
		<truncated>0</truncated>
		<difficult>0</difficult>
		<bndbox>
			<xmin>212</xmin>
			<ymin>44</ymin>
			<xmax>754</xmax>
			<ymax>502</ymax>
		</bndbox>
	</object>
</annotation>
