<annotation>
	<folder>train</folder>
	<filename>83073467-cigarette-stub-isolated-on-the-cement-floor-background-with-copy-space.jpg</filename>
	<path>C:\Users\Debjani\Anaconda3\Tensorflow\addons\labelImg\images\train\83073467-cigarette-stub-isolated-on-the-cement-floor-background-with-copy-space.jpg</path>
	<source>
		<database>Unknown</database>
	</source>
	<size>
		<width>800</width>
		<height>600</height>
		<depth>3</depth>
	</size>
	<segmented>0</segmented>
	<object>
		<name>burned_cigarette</name>
		<pose>Unspecified</pose>
		<truncated>0</truncated>
		<difficult>0</difficult>
		<bndbox>
			<xmin>128</xmin>
			<ymin>230</ymin>
			<xmax>365</xmax>
			<ymax>382</ymax>
		</bndbox>
	</object>
</annotation>
