<annotation>
	<folder>new</folder>
	<filename>88300458-fallen-autumn-maple-leaf-on-ground-at-the-morning.jpg</filename>
	<path>C:\Users\Debjani\Anaconda3\Tensorflow\addons\labelImg\images\new\88300458-fallen-autumn-maple-leaf-on-ground-at-the-morning.jpg</path>
	<source>
		<database>Unknown</database>
	</source>
	<size>
		<width>800</width>
		<height>600</height>
		<depth>3</depth>
	</size>
	<segmented>0</segmented>
	<object>
		<name>leaf</name>
		<pose>Unspecified</pose>
		<truncated>0</truncated>
		<difficult>0</difficult>
		<bndbox>
			<xmin>98</xmin>
			<ymin>121</ymin>
			<xmax>695</xmax>
			<ymax>566</ymax>
		</bndbox>
	</object>
</annotation>
