<annotation>
	<folder>train</folder>
	<filename>89207803-garden-compost-heap-recycling-with-kitchen-food-waste-and-general-garden-waste-material-including-fr.jpg</filename>
	<path>C:\Users\Debjani\Anaconda3\Tensorflow\addons\labelImg\images\train\89207803-garden-compost-heap-recycling-with-kitchen-food-waste-and-general-garden-waste-material-including-fr.jpg</path>
	<source>
		<database>Unknown</database>
	</source>
	<size>
		<width>800</width>
		<height>600</height>
		<depth>3</depth>
	</size>
	<segmented>0</segmented>
	<object>
		<name>vegetation</name>
		<pose>Unspecified</pose>
		<truncated>1</truncated>
		<difficult>0</difficult>
		<bndbox>
			<xmin>1</xmin>
			<ymin>1</ymin>
			<xmax>800</xmax>
			<ymax>600</ymax>
		</bndbox>
	</object>
</annotation>
