<annotation>
	<folder>train</folder>
	<filename>89424672-water-pollution-in-rural-river-after-loy-krathong-festival-in-thailand-waste-by-foam-environment-pol.jpg</filename>
	<path>C:\Users\Debjani\Anaconda3\Tensorflow\addons\labelImg\images\train\89424672-water-pollution-in-rural-river-after-loy-krathong-festival-in-thailand-waste-by-foam-environment-pol.jpg</path>
	<source>
		<database>Unknown</database>
	</source>
	<size>
		<width>800</width>
		<height>600</height>
		<depth>3</depth>
	</size>
	<segmented>0</segmented>
	<object>
		<name>flowers</name>
		<pose>Unspecified</pose>
		<truncated>1</truncated>
		<difficult>0</difficult>
		<bndbox>
			<xmin>1</xmin>
			<ymin>1</ymin>
			<xmax>800</xmax>
			<ymax>600</ymax>
		</bndbox>
	</object>
</annotation>
