<annotation>
	<folder>train</folder>
	<filename>91244245_10220628866825806_9087505565399121920_n-1.jpg</filename>
	<path>C:\Users\Debjani\Anaconda3\Tensorflow\addons\labelImg\images\train\91244245_10220628866825806_9087505565399121920_n-1.jpg</path>
	<source>
		<database>Unknown</database>
	</source>
	<size>
		<width>800</width>
		<height>600</height>
		<depth>3</depth>
	</size>
	<segmented>0</segmented>
	<object>
		<name>gloves</name>
		<pose>Unspecified</pose>
		<truncated>0</truncated>
		<difficult>0</difficult>
		<bndbox>
			<xmin>177</xmin>
			<ymin>251</ymin>
			<xmax>511</xmax>
			<ymax>400</ymax>
		</bndbox>
	</object>
	<object>
		<name>gloves</name>
		<pose>Unspecified</pose>
		<truncated>0</truncated>
		<difficult>0</difficult>
		<bndbox>
			<xmin>511</xmin>
			<ymin>170</ymin>
			<xmax>661</xmax>
			<ymax>227</ymax>
		</bndbox>
	</object>
</annotation>
