<annotation>
	<folder>new_1</folder>
	<filename>a-bunch-of-organic-waste-from-vegetables-flowers-and-garden-waste-RRK0D5.jpg</filename>
	<path>C:\Users\Debjani\Anaconda3\Tensorflow\addons\labelImg\images\new_1\a-bunch-of-organic-waste-from-vegetables-flowers-and-garden-waste-RRK0D5.jpg</path>
	<source>
		<database>Unknown</database>
	</source>
	<size>
		<width>800</width>
		<height>600</height>
		<depth>3</depth>
	</size>
	<segmented>0</segmented>
	<object>
		<name>flowers</name>
		<pose>Unspecified</pose>
		<truncated>0</truncated>
		<difficult>0</difficult>
		<bndbox>
			<xmin>27</xmin>
			<ymin>3</ymin>
			<xmax>434</xmax>
			<ymax>309</ymax>
		</bndbox>
	</object>
	<object>
		<name>vegetation</name>
		<pose>Unspecified</pose>
		<truncated>1</truncated>
		<difficult>0</difficult>
		<bndbox>
			<xmin>388</xmin>
			<ymin>3</ymin>
			<xmax>799</xmax>
			<ymax>600</ymax>
		</bndbox>
	</object>
	<object>
		<name>vegetation</name>
		<pose>Unspecified</pose>
		<truncated>1</truncated>
		<difficult>0</difficult>
		<bndbox>
			<xmin>1</xmin>
			<ymin>244</ymin>
			<xmax>484</xmax>
			<ymax>600</ymax>
		</bndbox>
	</object>
</annotation>
