<annotation>
	<folder>new</folder>
	<filename>a-crushed-modelo-beer-can-laying-on-the-ground-discarded-in-the-grass-alongside-the-highway-polluting-the-environment-on-a-sunny-day-2BF07A0.jpg</filename>
	<path>C:\Users\Debjani\Anaconda3\Tensorflow\addons\labelImg\images\new\a-crushed-modelo-beer-can-laying-on-the-ground-discarded-in-the-grass-alongside-the-highway-polluting-the-environment-on-a-sunny-day-2BF07A0.jpg</path>
	<source>
		<database>Unknown</database>
	</source>
	<size>
		<width>800</width>
		<height>600</height>
		<depth>3</depth>
	</size>
	<segmented>0</segmented>
	<object>
		<name>can</name>
		<pose>Unspecified</pose>
		<truncated>0</truncated>
		<difficult>0</difficult>
		<bndbox>
			<xmin>247</xmin>
			<ymin>182</ymin>
			<xmax>637</xmax>
			<ymax>450</ymax>
		</bndbox>
	</object>
</annotation>
