<annotation>
	<folder>new</folder>
	<filename>a-newspaper-is-blown-in-the-wind-D503B8.jpg</filename>
	<path>C:\Users\Debjani\Anaconda3\Tensorflow\addons\labelImg\images\new\a-newspaper-is-blown-in-the-wind-D503B8.jpg</path>
	<source>
		<database>Unknown</database>
	</source>
	<size>
		<width>800</width>
		<height>600</height>
		<depth>3</depth>
	</size>
	<segmented>0</segmented>
	<object>
		<name>paper</name>
		<pose>Unspecified</pose>
		<truncated>0</truncated>
		<difficult>0</difficult>
		<bndbox>
			<xmin>206</xmin>
			<ymin>164</ymin>
			<xmax>702</xmax>
			<ymax>465</ymax>
		</bndbox>
	</object>
</annotation>
