<annotation>
	<folder>new</folder>
	<filename>a-newspaper-is-blown-in-the-wind-D503BE.jpg</filename>
	<path>C:\Users\Debjani\Anaconda3\Tensorflow\addons\labelImg\images\new\a-newspaper-is-blown-in-the-wind-D503BE.jpg</path>
	<source>
		<database>Unknown</database>
	</source>
	<size>
		<width>800</width>
		<height>600</height>
		<depth>3</depth>
	</size>
	<segmented>0</segmented>
	<object>
		<name>paper</name>
		<pose>Unspecified</pose>
		<truncated>0</truncated>
		<difficult>0</difficult>
		<bndbox>
			<xmin>87</xmin>
			<ymin>33</ymin>
			<xmax>498</xmax>
			<ymax>518</ymax>
		</bndbox>
	</object>
</annotation>
