<annotation>
	<folder>train</folder>
	<filename>a7576e7d-b0c1-4c65-a5f1-315235613a1c-medium16x9_95568038_4025695244169842_1196418223256371200_o.jpg</filename>
	<path>C:\Users\Debjani\Anaconda3\Tensorflow\addons\labelImg\images\train\a7576e7d-b0c1-4c65-a5f1-315235613a1c-medium16x9_95568038_4025695244169842_1196418223256371200_o.jpg</path>
	<source>
		<database>Unknown</database>
	</source>
	<size>
		<width>800</width>
		<height>600</height>
		<depth>3</depth>
	</size>
	<segmented>0</segmented>
	<object>
		<name>cardboard</name>
		<pose>Unspecified</pose>
		<truncated>0</truncated>
		<difficult>0</difficult>
		<bndbox>
			<xmin>201</xmin>
			<ymin>414</ymin>
			<xmax>381</xmax>
			<ymax>561</ymax>
		</bndbox>
	</object>
	<object>
		<name>cardboard</name>
		<pose>Unspecified</pose>
		<truncated>0</truncated>
		<difficult>0</difficult>
		<bndbox>
			<xmin>483</xmin>
			<ymin>350</ymin>
			<xmax>640</xmax>
			<ymax>506</ymax>
		</bndbox>
	</object>
</annotation>
