<annotation>
	<folder>train</folder>
	<filename>abc.jpg</filename>
	<path>C:\Users\Debjani\Anaconda3\Tensorflow\addons\labelImg\images\train\abc.jpg</path>
	<source>
		<database>Unknown</database>
	</source>
	<size>
		<width>800</width>
		<height>600</height>
		<depth>3</depth>
	</size>
	<segmented>0</segmented>
	<object>
		<name>burned_cigarette</name>
		<pose>Unspecified</pose>
		<truncated>0</truncated>
		<difficult>0</difficult>
		<bndbox>
			<xmin>84</xmin>
			<ymin>388</ymin>
			<xmax>348</xmax>
			<ymax>555</ymax>
		</bndbox>
	</object>
	<object>
		<name>burned_cigarette</name>
		<pose>Unspecified</pose>
		<truncated>0</truncated>
		<difficult>0</difficult>
		<bndbox>
			<xmin>357</xmin>
			<ymin>341</ymin>
			<xmax>670</xmax>
			<ymax>491</ymax>
		</bndbox>
	</object>
	<object>
		<name>burned_cigarette</name>
		<pose>Unspecified</pose>
		<truncated>0</truncated>
		<difficult>0</difficult>
		<bndbox>
			<xmin>151</xmin>
			<ymin>287</ymin>
			<xmax>374</xmax>
			<ymax>417</ymax>
		</bndbox>
	</object>
	<object>
		<name>burned_cigarette</name>
		<pose>Unspecified</pose>
		<truncated>0</truncated>
		<difficult>0</difficult>
		<bndbox>
			<xmin>235</xmin>
			<ymin>17</ymin>
			<xmax>389</xmax>
			<ymax>242</ymax>
		</bndbox>
	</object>
	<object>
		<name>burned_cigarette</name>
		<pose>Unspecified</pose>
		<truncated>0</truncated>
		<difficult>0</difficult>
		<bndbox>
			<xmin>425</xmin>
			<ymin>69</ymin>
			<xmax>526</xmax>
			<ymax>229</ymax>
		</bndbox>
	</object>
	<object>
		<name>burned_cigarette</name>
		<pose>Unspecified</pose>
		<truncated>0</truncated>
		<difficult>0</difficult>
		<bndbox>
			<xmin>273</xmin>
			<ymin>210</ymin>
			<xmax>469</xmax>
			<ymax>328</ymax>
		</bndbox>
	</object>
</annotation>
