<annotation>
	<folder>train</folder>
	<filename>an-empty-can-of-labatt-blue-dry-beer-J26PAD.jpg</filename>
	<path>C:\Users\Debjani\Anaconda3\Tensorflow\addons\labelImg\images\train\an-empty-can-of-labatt-blue-dry-beer-J26PAD.jpg</path>
	<source>
		<database>Unknown</database>
	</source>
	<size>
		<width>800</width>
		<height>600</height>
		<depth>3</depth>
	</size>
	<segmented>0</segmented>
	<object>
		<name>can</name>
		<pose>Unspecified</pose>
		<truncated>0</truncated>
		<difficult>0</difficult>
		<bndbox>
			<xmin>79</xmin>
			<ymin>162</ymin>
			<xmax>588</xmax>
			<ymax>564</ymax>
		</bndbox>
	</object>
</annotation>
