<annotation>
	<folder>train</folder>
	<filename>April 4 2012 011.JPG</filename>
	<path>C:\Users\Debjani\Anaconda3\Tensorflow\addons\labelImg\images\train\April 4 2012 011.JPG</path>
	<source>
		<database>Unknown</database>
	</source>
	<size>
		<width>800</width>
		<height>600</height>
		<depth>3</depth>
	</size>
	<segmented>0</segmented>
	<object>
		<name>cardboard</name>
		<pose>Unspecified</pose>
		<truncated>0</truncated>
		<difficult>0</difficult>
		<bndbox>
			<xmin>18</xmin>
			<ymin>221</ymin>
			<xmax>386</xmax>
			<ymax>458</ymax>
		</bndbox>
	</object>
	<object>
		<name>cardboard</name>
		<pose>Unspecified</pose>
		<truncated>1</truncated>
		<difficult>0</difficult>
		<bndbox>
			<xmin>458</xmin>
			<ymin>266</ymin>
			<xmax>800</xmax>
			<ymax>516</ymax>
		</bndbox>
	</object>
	<object>
		<name>burned_cigarette</name>
		<pose>Unspecified</pose>
		<truncated>0</truncated>
		<difficult>0</difficult>
		<bndbox>
			<xmin>317</xmin>
			<ymin>170</ymin>
			<xmax>429</xmax>
			<ymax>204</ymax>
		</bndbox>
	</object>
	<object>
		<name>burned_cigarette</name>
		<pose>Unspecified</pose>
		<truncated>0</truncated>
		<difficult>0</difficult>
		<bndbox>
			<xmin>163</xmin>
			<ymin>200</ymin>
			<xmax>250</xmax>
			<ymax>230</ymax>
		</bndbox>
	</object>
</annotation>
