<annotation>
	<folder>new</folder>
	<filename>asian-newspaper-laying-on-the-ground-HPX57J.jpg</filename>
	<path>C:\Users\Debjani\Anaconda3\Tensorflow\addons\labelImg\images\new\asian-newspaper-laying-on-the-ground-HPX57J.jpg</path>
	<source>
		<database>Unknown</database>
	</source>
	<size>
		<width>800</width>
		<height>600</height>
		<depth>3</depth>
	</size>
	<segmented>0</segmented>
	<object>
		<name>paper</name>
		<pose>Unspecified</pose>
		<truncated>0</truncated>
		<difficult>0</difficult>
		<bndbox>
			<xmin>145</xmin>
			<ymin>14</ymin>
			<xmax>677</xmax>
			<ymax>562</ymax>
		</bndbox>
	</object>
</annotation>
