<annotation>
	<folder>train</folder>
	<filename>b241f206a78ebb11522942c2b2c11da5.jpg</filename>
	<path>C:\Users\Debjani\Anaconda3\Tensorflow\addons\labelImg\images\train\b241f206a78ebb11522942c2b2c11da5.jpg</path>
	<source>
		<database>Unknown</database>
	</source>
	<size>
		<width>800</width>
		<height>600</height>
		<depth>3</depth>
	</size>
	<segmented>0</segmented>
	<object>
		<name>burned_cigarette</name>
		<pose>Unspecified</pose>
		<truncated>0</truncated>
		<difficult>0</difficult>
		<bndbox>
			<xmin>230</xmin>
			<ymin>178</ymin>
			<xmax>668</xmax>
			<ymax>333</ymax>
		</bndbox>
	</object>
</annotation>
