<annotation>
	<folder>test_image</folder>
	<filename>basura-avda-sagunto-5.jpg</filename>
	<path>C:\Users\Debjani\Anaconda3\Tensorflow\addons\labelImg\test_image\basura-avda-sagunto-5.jpg</path>
	<source>
		<database>Unknown</database>
	</source>
	<size>
		<width>800</width>
		<height>600</height>
		<depth>3</depth>
	</size>
	<segmented>0</segmented>
	<object>
		<name>paper</name>
		<pose>Unspecified</pose>
		<truncated>0</truncated>
		<difficult>0</difficult>
		<bndbox>
			<xmin>270</xmin>
			<ymin>314</ymin>
			<xmax>608</xmax>
			<ymax>441</ymax>
		</bndbox>
	</object>
</annotation>
