<annotation>
	<folder>new</folder>
	<filename>batteries-thrown-on-the-ground-AD4Y9J.jpg</filename>
	<path>C:\Users\Debjani\Anaconda3\Tensorflow\addons\labelImg\images\new\batteries-thrown-on-the-ground-AD4Y9J.jpg</path>
	<source>
		<database>Unknown</database>
	</source>
	<size>
		<width>800</width>
		<height>600</height>
		<depth>3</depth>
	</size>
	<segmented>0</segmented>
	<object>
		<name>battery</name>
		<pose>Unspecified</pose>
		<truncated>0</truncated>
		<difficult>0</difficult>
		<bndbox>
			<xmin>321</xmin>
			<ymin>267</ymin>
			<xmax>536</xmax>
			<ymax>511</ymax>
		</bndbox>
	</object>
	<object>
		<name>battery</name>
		<pose>Unspecified</pose>
		<truncated>0</truncated>
		<difficult>0</difficult>
		<bndbox>
			<xmin>494</xmin>
			<ymin>324</ymin>
			<xmax>595</xmax>
			<ymax>463</ymax>
		</bndbox>
	</object>
</annotation>
