<annotation>
	<folder>train</folder>
	<filename>beer-can-found-left-side-street-106481376.jpg</filename>
	<path>C:\Users\Debjani\Anaconda3\Tensorflow\addons\labelImg\images\train\beer-can-found-left-side-street-106481376.jpg</path>
	<source>
		<database>Unknown</database>
	</source>
	<size>
		<width>800</width>
		<height>600</height>
		<depth>3</depth>
	</size>
	<segmented>0</segmented>
	<object>
		<name>can</name>
		<pose>Unspecified</pose>
		<truncated>0</truncated>
		<difficult>0</difficult>
		<bndbox>
			<xmin>26</xmin>
			<ymin>150</ymin>
			<xmax>628</xmax>
			<ymax>399</ymax>
		</bndbox>
	</object>
</annotation>
