<annotation>
	<folder>train</folder>
	<filename>beverage-cups-cup-plastic-cups-drink-competition-garbage-plastic-waste-waste-throw-away.jpg</filename>
	<path>C:\Users\Debjani\Anaconda3\Tensorflow\addons\labelImg\images\train\beverage-cups-cup-plastic-cups-drink-competition-garbage-plastic-waste-waste-throw-away.jpg</path>
	<source>
		<database>Unknown</database>
	</source>
	<size>
		<width>800</width>
		<height>600</height>
		<depth>3</depth>
	</size>
	<segmented>0</segmented>
	<object>
		<name>cup</name>
		<pose>Unspecified</pose>
		<truncated>0</truncated>
		<difficult>0</difficult>
		<bndbox>
			<xmin>259</xmin>
			<ymin>150</ymin>
			<xmax>620</xmax>
			<ymax>483</ymax>
		</bndbox>
	</object>
</annotation>
