<annotation>
	<folder>test_data</folder>
	<filename>bouquet-was-thrown-out-window-bouquet-flowers-lying-162689206.jpg</filename>
	<path>C:\Users\Debjani\Anaconda3\Tensorflow\addons\labelImg\test_data\bouquet-was-thrown-out-window-bouquet-flowers-lying-162689206.jpg</path>
	<source>
		<database>Unknown</database>
	</source>
	<size>
		<width>800</width>
		<height>600</height>
		<depth>3</depth>
	</size>
	<segmented>0</segmented>
	<object>
		<name>flowers</name>
		<pose>Unspecified</pose>
		<truncated>0</truncated>
		<difficult>0</difficult>
		<bndbox>
			<xmin>170</xmin>
			<ymin>303</ymin>
			<xmax>341</xmax>
			<ymax>517</ymax>
		</bndbox>
	</object>
	<object>
		<name>flowers</name>
		<pose>Unspecified</pose>
		<truncated>0</truncated>
		<difficult>0</difficult>
		<bndbox>
			<xmin>341</xmin>
			<ymin>291</ymin>
			<xmax>620</xmax>
			<ymax>582</ymax>
		</bndbox>
	</object>
	<object>
		<name>plastic</name>
		<pose>Unspecified</pose>
		<truncated>0</truncated>
		<difficult>0</difficult>
		<bndbox>
			<xmin>570</xmin>
			<ymin>454</ymin>
			<xmax>638</xmax>
			<ymax>521</ymax>
		</bndbox>
	</object>
</annotation>
