<annotation>
	<folder>new</folder>
	<filename>broken-computer-keyboard-B5JDJ3.jpg</filename>
	<path>C:\Users\Debjani\Anaconda3\Tensorflow\addons\labelImg\images\new\broken-computer-keyboard-B5JDJ3.jpg</path>
	<source>
		<database>Unknown</database>
	</source>
	<size>
		<width>800</width>
		<height>600</height>
		<depth>3</depth>
	</size>
	<segmented>0</segmented>
	<object>
		<name>keyboard</name>
		<pose>Unspecified</pose>
		<truncated>0</truncated>
		<difficult>0</difficult>
		<bndbox>
			<xmin>74</xmin>
			<ymin>37</ymin>
			<xmax>771</xmax>
			<ymax>584</ymax>
		</bndbox>
	</object>
</annotation>
