<annotation>
	<folder>new</folder>
	<filename>c80e2ff8166fee04de1a9ba1272324a2.jpg</filename>
	<path>C:\Users\Debjani\Anaconda3\Tensorflow\addons\labelImg\images\new\c80e2ff8166fee04de1a9ba1272324a2.jpg</path>
	<source>
		<database>Unknown</database>
	</source>
	<size>
		<width>800</width>
		<height>600</height>
		<depth>3</depth>
	</size>
	<segmented>0</segmented>
	<object>
		<name>circuit_board</name>
		<pose>Unspecified</pose>
		<truncated>0</truncated>
		<difficult>0</difficult>
		<bndbox>
			<xmin>2</xmin>
			<ymin>158</ymin>
			<xmax>511</xmax>
			<ymax>469</ymax>
		</bndbox>
	</object>
	<object>
		<name>circuit_board</name>
		<pose>Unspecified</pose>
		<truncated>1</truncated>
		<difficult>0</difficult>
		<bndbox>
			<xmin>623</xmin>
			<ymin>124</ymin>
			<xmax>800</xmax>
			<ymax>281</ymax>
		</bndbox>
	</object>
	<object>
		<name>circuit_board</name>
		<pose>Unspecified</pose>
		<truncated>1</truncated>
		<difficult>0</difficult>
		<bndbox>
			<xmin>541</xmin>
			<ymin>276</ymin>
			<xmax>800</xmax>
			<ymax>338</ymax>
		</bndbox>
	</object>
	<object>
		<name>circuit_board</name>
		<pose>Unspecified</pose>
		<truncated>1</truncated>
		<difficult>0</difficult>
		<bndbox>
			<xmin>232</xmin>
			<ymin>397</ymin>
			<xmax>702</xmax>
			<ymax>600</ymax>
		</bndbox>
	</object>
	<object>
		<name>circuit_board</name>
		<pose>Unspecified</pose>
		<truncated>1</truncated>
		<difficult>0</difficult>
		<bndbox>
			<xmin>233</xmin>
			<ymin>1</ymin>
			<xmax>639</xmax>
			<ymax>241</ymax>
		</bndbox>
	</object>
	<object>
		<name>circuit_board</name>
		<pose>Unspecified</pose>
		<truncated>1</truncated>
		<difficult>0</difficult>
		<bndbox>
			<xmin>1</xmin>
			<ymin>3</ymin>
			<xmax>327</xmax>
			<ymax>234</ymax>
		</bndbox>
	</object>
	<object>
		<name>circuit_board</name>
		<pose>Unspecified</pose>
		<truncated>0</truncated>
		<difficult>0</difficult>
		<bndbox>
			<xmin>3</xmin>
			<ymin>104</ymin>
			<xmax>133</xmax>
			<ymax>279</ymax>
		</bndbox>
	</object>
	<object>
		<name>circuit_board</name>
		<pose>Unspecified</pose>
		<truncated>1</truncated>
		<difficult>0</difficult>
		<bndbox>
			<xmin>4</xmin>
			<ymin>401</ymin>
			<xmax>309</xmax>
			<ymax>600</ymax>
		</bndbox>
	</object>
	<object>
		<name>circuit_board</name>
		<pose>Unspecified</pose>
		<truncated>1</truncated>
		<difficult>0</difficult>
		<bndbox>
			<xmin>74</xmin>
			<ymin>489</ymin>
			<xmax>464</xmax>
			<ymax>600</ymax>
		</bndbox>
	</object>
	<object>
		<name>circuit_board</name>
		<pose>Unspecified</pose>
		<truncated>1</truncated>
		<difficult>0</difficult>
		<bndbox>
			<xmin>608</xmin>
			<ymin>481</ymin>
			<xmax>798</xmax>
			<ymax>600</ymax>
		</bndbox>
	</object>
	<object>
		<name>circuit_board</name>
		<pose>Unspecified</pose>
		<truncated>1</truncated>
		<difficult>0</difficult>
		<bndbox>
			<xmin>676</xmin>
			<ymin>2</ymin>
			<xmax>800</xmax>
			<ymax>150</ymax>
		</bndbox>
	</object>
</annotation>
