<annotation>
	<folder>train</folder>
	<filename>cardboard-boxes-filled-trash-daejeon-south-korea-march-cardboard-boxes-filled-trash-bottles-laying-heap-175658666.jpg</filename>
	<path>C:\Users\Debjani\Anaconda3\Tensorflow\addons\labelImg\images\train\cardboard-boxes-filled-trash-daejeon-south-korea-march-cardboard-boxes-filled-trash-bottles-laying-heap-175658666.jpg</path>
	<source>
		<database>Unknown</database>
	</source>
	<size>
		<width>800</width>
		<height>600</height>
		<depth>3</depth>
	</size>
	<segmented>0</segmented>
	<object>
		<name>cardboard</name>
		<pose>Unspecified</pose>
		<truncated>0</truncated>
		<difficult>0</difficult>
		<bndbox>
			<xmin>293</xmin>
			<ymin>263</ymin>
			<xmax>463</xmax>
			<ymax>390</ymax>
		</bndbox>
	</object>
	<object>
		<name>cardboard</name>
		<pose>Unspecified</pose>
		<truncated>0</truncated>
		<difficult>0</difficult>
		<bndbox>
			<xmin>402</xmin>
			<ymin>278</ymin>
			<xmax>607</xmax>
			<ymax>443</ymax>
		</bndbox>
	</object>
	<object>
		<name>cardboard</name>
		<pose>Unspecified</pose>
		<truncated>0</truncated>
		<difficult>0</difficult>
		<bndbox>
			<xmin>603</xmin>
			<ymin>356</ymin>
			<xmax>697</xmax>
			<ymax>425</ymax>
		</bndbox>
	</object>
	<object>
		<name>cardboard</name>
		<pose>Unspecified</pose>
		<truncated>0</truncated>
		<difficult>0</difficult>
		<bndbox>
			<xmin>35</xmin>
			<ymin>337</ymin>
			<xmax>192</xmax>
			<ymax>413</ymax>
		</bndbox>
	</object>
</annotation>
