<annotation>
	<folder>train</folder>
	<filename>cardboard-boxes-piled-up-beside-recycling-bin-on-the-pavement-during-refuse-collectors-strike-in-birmingham-RJGE46.jpg</filename>
	<path>C:\Users\Debjani\Anaconda3\Tensorflow\addons\labelImg\images\train\cardboard-boxes-piled-up-beside-recycling-bin-on-the-pavement-during-refuse-collectors-strike-in-birmingham-RJGE46.jpg</path>
	<source>
		<database>Unknown</database>
	</source>
	<size>
		<width>800</width>
		<height>600</height>
		<depth>3</depth>
	</size>
	<segmented>0</segmented>
	<object>
		<name>cardboard</name>
		<pose>Unspecified</pose>
		<truncated>0</truncated>
		<difficult>0</difficult>
		<bndbox>
			<xmin>346</xmin>
			<ymin>118</ymin>
			<xmax>469</xmax>
			<ymax>245</ymax>
		</bndbox>
	</object>
	<object>
		<name>cardboard</name>
		<pose>Unspecified</pose>
		<truncated>0</truncated>
		<difficult>0</difficult>
		<bndbox>
			<xmin>319</xmin>
			<ymin>226</ymin>
			<xmax>517</xmax>
			<ymax>301</ymax>
		</bndbox>
	</object>
	<object>
		<name>cardboard</name>
		<pose>Unspecified</pose>
		<truncated>0</truncated>
		<difficult>0</difficult>
		<bndbox>
			<xmin>267</xmin>
			<ymin>284</ymin>
			<xmax>460</xmax>
			<ymax>346</ymax>
		</bndbox>
	</object>
	<object>
		<name>cardboard</name>
		<pose>Unspecified</pose>
		<truncated>0</truncated>
		<difficult>0</difficult>
		<bndbox>
			<xmin>443</xmin>
			<ymin>242</ymin>
			<xmax>637</xmax>
			<ymax>487</ymax>
		</bndbox>
	</object>
	<object>
		<name>cardboard</name>
		<pose>Unspecified</pose>
		<truncated>0</truncated>
		<difficult>0</difficult>
		<bndbox>
			<xmin>327</xmin>
			<ymin>345</ymin>
			<xmax>487</xmax>
			<ymax>564</ymax>
		</bndbox>
	</object>
	<object>
		<name>cardboard</name>
		<pose>Unspecified</pose>
		<truncated>1</truncated>
		<difficult>0</difficult>
		<bndbox>
			<xmin>380</xmin>
			<ymin>504</ymin>
			<xmax>579</xmax>
			<ymax>600</ymax>
		</bndbox>
	</object>
</annotation>
