<annotation>
	<folder>train</folder>
	<filename>chain-fence-newspaper-printed-headline-rubbish-ATW2NN.jpg</filename>
	<path>C:\Users\Debjani\Anaconda3\Tensorflow\addons\labelImg\images\train\chain-fence-newspaper-printed-headline-rubbish-ATW2NN.jpg</path>
	<source>
		<database>Unknown</database>
	</source>
	<size>
		<width>800</width>
		<height>600</height>
		<depth>3</depth>
	</size>
	<segmented>0</segmented>
	<object>
		<name>paper</name>
		<pose>Unspecified</pose>
		<truncated>1</truncated>
		<difficult>0</difficult>
		<bndbox>
			<xmin>1</xmin>
			<ymin>1</ymin>
			<xmax>655</xmax>
			<ymax>597</ymax>
		</bndbox>
	</object>
	<object>
		<name>cup</name>
		<pose>Unspecified</pose>
		<truncated>0</truncated>
		<difficult>0</difficult>
		<bndbox>
			<xmin>440</xmin>
			<ymin>438</ymin>
			<xmax>577</xmax>
			<ymax>533</ymax>
		</bndbox>
	</object>
</annotation>
