<annotation>
	<folder>train</folder>
	<filename>cigarette-butt-platt-1.jpg</filename>
	<path>C:\Users\Debjani\Anaconda3\Tensorflow\addons\labelImg\images\train\cigarette-butt-platt-1.jpg</path>
	<source>
		<database>Unknown</database>
	</source>
	<size>
		<width>800</width>
		<height>600</height>
		<depth>3</depth>
	</size>
	<segmented>0</segmented>
	<object>
		<name>burned_cigarette</name>
		<pose>Unspecified</pose>
		<truncated>0</truncated>
		<difficult>0</difficult>
		<bndbox>
			<xmin>130</xmin>
			<ymin>146</ymin>
			<xmax>507</xmax>
			<ymax>461</ymax>
		</bndbox>
	</object>
</annotation>
