<annotation>
	<folder>train</folder>
	<filename>cigarette-butts-1024x677.jpg</filename>
	<path>C:\Users\Debjani\Anaconda3\Tensorflow\addons\labelImg\images\train\cigarette-butts-1024x677.jpg</path>
	<source>
		<database>Unknown</database>
	</source>
	<size>
		<width>800</width>
		<height>600</height>
		<depth>3</depth>
	</size>
	<segmented>0</segmented>
	<object>
		<name>burned_cigarette</name>
		<pose>Unspecified</pose>
		<truncated>0</truncated>
		<difficult>0</difficult>
		<bndbox>
			<xmin>88</xmin>
			<ymin>388</ymin>
			<xmax>340</xmax>
			<ymax>548</ymax>
		</bndbox>
	</object>
	<object>
		<name>burned_cigarette</name>
		<pose>Unspecified</pose>
		<truncated>0</truncated>
		<difficult>0</difficult>
		<bndbox>
			<xmin>362</xmin>
			<ymin>318</ymin>
			<xmax>662</xmax>
			<ymax>489</ymax>
		</bndbox>
	</object>
	<object>
		<name>burned_cigarette</name>
		<pose>Unspecified</pose>
		<truncated>0</truncated>
		<difficult>0</difficult>
		<bndbox>
			<xmin>160</xmin>
			<ymin>295</ymin>
			<xmax>392</xmax>
			<ymax>429</ymax>
		</bndbox>
	</object>
	<object>
		<name>burned_cigarette</name>
		<pose>Unspecified</pose>
		<truncated>0</truncated>
		<difficult>0</difficult>
		<bndbox>
			<xmin>279</xmin>
			<ymin>204</ymin>
			<xmax>458</xmax>
			<ymax>328</ymax>
		</bndbox>
	</object>
	<object>
		<name>burned_cigarette</name>
		<pose>Unspecified</pose>
		<truncated>0</truncated>
		<difficult>0</difficult>
		<bndbox>
			<xmin>421</xmin>
			<ymin>50</ymin>
			<xmax>545</xmax>
			<ymax>230</ymax>
		</bndbox>
	</object>
	<object>
		<name>burned_cigarette</name>
		<pose>Unspecified</pose>
		<truncated>0</truncated>
		<difficult>0</difficult>
		<bndbox>
			<xmin>345</xmin>
			<ymin>290</ymin>
			<xmax>580</xmax>
			<ymax>389</ymax>
		</bndbox>
	</object>
	<object>
		<name>burned_cigarette</name>
		<pose>Unspecified</pose>
		<truncated>0</truncated>
		<difficult>0</difficult>
		<bndbox>
			<xmin>237</xmin>
			<ymin>17</ymin>
			<xmax>384</xmax>
			<ymax>244</ymax>
		</bndbox>
	</object>
	<object>
		<name>burned_cigarette</name>
		<pose>Unspecified</pose>
		<truncated>0</truncated>
		<difficult>0</difficult>
		<bndbox>
			<xmin>399</xmin>
			<ymin>194</ymin>
			<xmax>620</xmax>
			<ymax>284</ymax>
		</bndbox>
	</object>
</annotation>
