<annotation>
	<folder>train</folder>
	<filename>cigarette-butt-ash-floor-46909295.jpg</filename>
	<path>C:\Users\Debjani\Anaconda3\Tensorflow\addons\labelImg\images\train\cigarette-butt-ash-floor-46909295.jpg</path>
	<source>
		<database>Unknown</database>
	</source>
	<size>
		<width>800</width>
		<height>600</height>
		<depth>3</depth>
	</size>
	<segmented>0</segmented>
	<object>
		<name>burned_cigarette</name>
		<pose>Unspecified</pose>
		<truncated>0</truncated>
		<difficult>0</difficult>
		<bndbox>
			<xmin>174</xmin>
			<ymin>192</ymin>
			<xmax>381</xmax>
			<ymax>374</ymax>
		</bndbox>
	</object>
</annotation>
