<annotation>
	<folder>train</folder>
	<filename>ciggarette.jpg</filename>
	<path>C:\Users\Debjani\Anaconda3\Tensorflow\addons\labelImg\images\train\ciggarette.jpg</path>
	<source>
		<database>Unknown</database>
	</source>
	<size>
		<width>800</width>
		<height>600</height>
		<depth>3</depth>
	</size>
	<segmented>0</segmented>
	<object>
		<name>burned_cigarette</name>
		<pose>Unspecified</pose>
		<truncated>0</truncated>
		<difficult>0</difficult>
		<bndbox>
			<xmin>387</xmin>
			<ymin>284</ymin>
			<xmax>544</xmax>
			<ymax>451</ymax>
		</bndbox>
	</object>
	<object>
		<name>burned_cigarette</name>
		<pose>Unspecified</pose>
		<truncated>0</truncated>
		<difficult>0</difficult>
		<bndbox>
			<xmin>135</xmin>
			<ymin>336</ymin>
			<xmax>413</xmax>
			<ymax>521</ymax>
		</bndbox>
	</object>
	<object>
		<name>paper</name>
		<pose>Unspecified</pose>
		<truncated>0</truncated>
		<difficult>0</difficult>
		<bndbox>
			<xmin>638</xmin>
			<ymin>216</ymin>
			<xmax>771</xmax>
			<ymax>379</ymax>
		</bndbox>
	</object>
	<object>
		<name>burned_cigarette</name>
		<pose>Unspecified</pose>
		<truncated>0</truncated>
		<difficult>0</difficult>
		<bndbox>
			<xmin>527</xmin>
			<ymin>392</ymin>
			<xmax>687</xmax>
			<ymax>499</ymax>
		</bndbox>
	</object>
	<object>
		<name>burned_cigarette</name>
		<pose>Unspecified</pose>
		<truncated>0</truncated>
		<difficult>0</difficult>
		<bndbox>
			<xmin>479</xmin>
			<ymin>114</ymin>
			<xmax>622</xmax>
			<ymax>204</ymax>
		</bndbox>
	</object>
	<object>
		<name>burned_cigarette</name>
		<pose>Unspecified</pose>
		<truncated>1</truncated>
		<difficult>0</difficult>
		<bndbox>
			<xmin>721</xmin>
			<ymin>66</ymin>
			<xmax>800</xmax>
			<ymax>199</ymax>
		</bndbox>
	</object>
	<object>
		<name>burned_cigarette</name>
		<pose>Unspecified</pose>
		<truncated>1</truncated>
		<difficult>0</difficult>
		<bndbox>
			<xmin>197</xmin>
			<ymin>490</ymin>
			<xmax>408</xmax>
			<ymax>600</ymax>
		</bndbox>
	</object>
</annotation>
