<annotation>
	<folder>test_image</folder>
	<filename>close-up-coca-cola-bottle-nescafe-can-drinking-water-dry-leaves-field-kundang-malaysia-june-park-warm-light-185431854.jpg</filename>
	<path>C:\Users\Debjani\Anaconda3\Tensorflow\addons\labelImg\test_image\close-up-coca-cola-bottle-nescafe-can-drinking-water-dry-leaves-field-kundang-malaysia-june-park-warm-light-185431854.jpg</path>
	<source>
		<database>Unknown</database>
	</source>
	<size>
		<width>800</width>
		<height>600</height>
		<depth>3</depth>
	</size>
	<segmented>0</segmented>
	<object>
		<name>can</name>
		<pose>Unspecified</pose>
		<truncated>0</truncated>
		<difficult>0</difficult>
		<bndbox>
			<xmin>158</xmin>
			<ymin>225</ymin>
			<xmax>358</xmax>
			<ymax>335</ymax>
		</bndbox>
	</object>
	<object>
		<name>can</name>
		<pose>Unspecified</pose>
		<truncated>0</truncated>
		<difficult>0</difficult>
		<bndbox>
			<xmin>138</xmin>
			<ymin>365</ymin>
			<xmax>336</xmax>
			<ymax>465</ymax>
		</bndbox>
	</object>
	<object>
		<name>bottle</name>
		<pose>Unspecified</pose>
		<truncated>0</truncated>
		<difficult>0</difficult>
		<bndbox>
			<xmin>150</xmin>
			<ymin>441</ymin>
			<xmax>418</xmax>
			<ymax>535</ymax>
		</bndbox>
	</object>
	<object>
		<name>leaf</name>
		<pose>Unspecified</pose>
		<truncated>0</truncated>
		<difficult>0</difficult>
		<bndbox>
			<xmin>457</xmin>
			<ymin>516</ymin>
			<xmax>621</xmax>
			<ymax>575</ymax>
		</bndbox>
	</object>
</annotation>
