<annotation>
	<folder>new_1</folder>
	<filename>compost-heap-with-some-colourful-compost-of-dead-headed-tulips-and-flowers-being-composted-MPH74A.jpg</filename>
	<path>C:\Users\Debjani\Anaconda3\Tensorflow\addons\labelImg\images\new_1\compost-heap-with-some-colourful-compost-of-dead-headed-tulips-and-flowers-being-composted-MPH74A.jpg</path>
	<source>
		<database>Unknown</database>
	</source>
	<size>
		<width>800</width>
		<height>600</height>
		<depth>3</depth>
	</size>
	<segmented>0</segmented>
	<object>
		<name>flowers</name>
		<pose>Unspecified</pose>
		<truncated>1</truncated>
		<difficult>0</difficult>
		<bndbox>
			<xmin>247</xmin>
			<ymin>64</ymin>
			<xmax>779</xmax>
			<ymax>600</ymax>
		</bndbox>
	</object>
	<object>
		<name>leaf</name>
		<pose>Unspecified</pose>
		<truncated>0</truncated>
		<difficult>0</difficult>
		<bndbox>
			<xmin>255</xmin>
			<ymin>531</ymin>
			<xmax>348</xmax>
			<ymax>585</ymax>
		</bndbox>
	</object>
	<object>
		<name>flowers</name>
		<pose>Unspecified</pose>
		<truncated>0</truncated>
		<difficult>0</difficult>
		<bndbox>
			<xmin>176</xmin>
			<ymin>224</ymin>
			<xmax>249</xmax>
			<ymax>272</ymax>
		</bndbox>
	</object>
</annotation>
