<annotation verified="yes">
	<folder>new</folder>
	<filename>computers-monitors-piled-up-recycling-25796506.jpg</filename>
	<path>C:\Users\Debjani\Anaconda3\Tensorflow\addons\labelImg\images\new\new\computers-monitors-piled-up-recycling-25796506.jpg</path>
	<source>
		<database>Unknown</database>
	</source>
	<size>
		<width>800</width>
		<height>600</height>
		<depth>3</depth>
	</size>
	<segmented>0</segmented>
	<object>
		<name>tv_pc</name>
		<pose>Unspecified</pose>
		<truncated>0</truncated>
		<difficult>0</difficult>
		<bndbox>
			<xmin>564</xmin>
			<ymin>185</ymin>
			<xmax>786</xmax>
			<ymax>299</ymax>
		</bndbox>
	</object>
	<object>
		<name>tv_pc</name>
		<pose>Unspecified</pose>
		<truncated>0</truncated>
		<difficult>0</difficult>
		<bndbox>
			<xmin>364</xmin>
			<ymin>184</ymin>
			<xmax>582</xmax>
			<ymax>293</ymax>
		</bndbox>
	</object>
</annotation>
