<annotation>
	<folder>new</folder>
	<filename>computer_junkyards_640_04.jpg</filename>
	<path>C:\Users\Debjani\Anaconda3\Tensorflow\addons\labelImg\images\new\new\computer_junkyards_640_04.jpg</path>
	<source>
		<database>Unknown</database>
	</source>
	<size>
		<width>800</width>
		<height>600</height>
		<depth>3</depth>
	</size>
	<segmented>0</segmented>
	<object>
		<name>tv_pc</name>
		<pose>Unspecified</pose>
		<truncated>0</truncated>
		<difficult>0</difficult>
		<bndbox>
			<xmin>522</xmin>
			<ymin>439</ymin>
			<xmax>723</xmax>
			<ymax>594</ymax>
		</bndbox>
	</object>
	<object>
		<name>tv_pc</name>
		<pose>Unspecified</pose>
		<truncated>0</truncated>
		<difficult>0</difficult>
		<bndbox>
			<xmin>179</xmin>
			<ymin>377</ymin>
			<xmax>340</xmax>
			<ymax>493</ymax>
		</bndbox>
	</object>
	<object>
		<name>tv_pc</name>
		<pose>Unspecified</pose>
		<truncated>1</truncated>
		<difficult>0</difficult>
		<bndbox>
			<xmin>225</xmin>
			<ymin>469</ymin>
			<xmax>428</xmax>
			<ymax>600</ymax>
		</bndbox>
	</object>
	<object>
		<name>tv_pc</name>
		<pose>Unspecified</pose>
		<truncated>0</truncated>
		<difficult>0</difficult>
		<bndbox>
			<xmin>3</xmin>
			<ymin>409</ymin>
			<xmax>137</xmax>
			<ymax>580</ymax>
		</bndbox>
	</object>
	<object>
		<name>tv_pc</name>
		<pose>Unspecified</pose>
		<truncated>0</truncated>
		<difficult>0</difficult>
		<bndbox>
			<xmin>351</xmin>
			<ymin>410</ymin>
			<xmax>513</xmax>
			<ymax>594</ymax>
		</bndbox>
	</object>
</annotation>
