<annotation>
	<folder>train</folder>
	<filename>covid-meals-dumped-29.jpg</filename>
	<path>C:\Users\Debjani\Anaconda3\Tensorflow\addons\labelImg\images\train\covid-meals-dumped-29.jpg</path>
	<source>
		<database>Unknown</database>
	</source>
	<size>
		<width>800</width>
		<height>600</height>
		<depth>3</depth>
	</size>
	<segmented>0</segmented>
	<object>
		<name>plastic</name>
		<pose>Unspecified</pose>
		<truncated>0</truncated>
		<difficult>0</difficult>
		<bndbox>
			<xmin>146</xmin>
			<ymin>483</ymin>
			<xmax>327</xmax>
			<ymax>582</ymax>
		</bndbox>
	</object>
	<object>
		<name>cardboard</name>
		<pose>Unspecified</pose>
		<truncated>1</truncated>
		<difficult>0</difficult>
		<bndbox>
			<xmin>315</xmin>
			<ymin>1</ymin>
			<xmax>800</xmax>
			<ymax>600</ymax>
		</bndbox>
	</object>
	<object>
		<name>bottle</name>
		<pose>Unspecified</pose>
		<truncated>1</truncated>
		<difficult>0</difficult>
		<bndbox>
			<xmin>1</xmin>
			<ymin>316</ymin>
			<xmax>83</xmax>
			<ymax>400</ymax>
		</bndbox>
	</object>
</annotation>
