<annotation>
	<folder>new_1</folder>
	<filename>cow-decorated-marigolds-nepal-42619296.jpg</filename>
	<path>C:\Users\Debjani\Anaconda3\Tensorflow\addons\labelImg\images\new_1\cow-decorated-marigolds-nepal-42619296.jpg</path>
	<source>
		<database>Unknown</database>
	</source>
	<size>
		<width>800</width>
		<height>600</height>
		<depth>3</depth>
	</size>
	<segmented>0</segmented>
	<object>
		<name>flowers</name>
		<pose>Unspecified</pose>
		<truncated>0</truncated>
		<difficult>0</difficult>
		<bndbox>
			<xmin>107</xmin>
			<ymin>362</ymin>
			<xmax>209</xmax>
			<ymax>452</ymax>
		</bndbox>
	</object>
	<object>
		<name>flowers</name>
		<pose>Unspecified</pose>
		<truncated>0</truncated>
		<difficult>0</difficult>
		<bndbox>
			<xmin>7</xmin>
			<ymin>442</ymin>
			<xmax>374</xmax>
			<ymax>543</ymax>
		</bndbox>
	</object>
	<object>
		<name>flowers</name>
		<pose>Unspecified</pose>
		<truncated>0</truncated>
		<difficult>0</difficult>
		<bndbox>
			<xmin>320</xmin>
			<ymin>503</ymin>
			<xmax>455</xmax>
			<ymax>541</ymax>
		</bndbox>
	</object>
</annotation>
