<annotation>
	<folder>test_data</folder>
	<filename>crumpled-paper-ball-photo.jpg</filename>
	<path>C:\Users\Debjani\Anaconda3\Tensorflow\addons\labelImg\test_data\test_data\crumpled-paper-ball-photo.jpg</path>
	<source>
		<database>Unknown</database>
	</source>
	<size>
		<width>800</width>
		<height>600</height>
		<depth>3</depth>
	</size>
	<segmented>0</segmented>
	<object>
		<name>paper</name>
		<pose>Unspecified</pose>
		<truncated>0</truncated>
		<difficult>0</difficult>
		<bndbox>
			<xmin>56</xmin>
			<ymin>59</ymin>
			<xmax>737</xmax>
			<ymax>521</ymax>
		</bndbox>
	</object>
</annotation>
