<annotation>
	<folder>new</folder>
	<filename>crushed-pepsi-can-B8RFGE.jpg</filename>
	<path>C:\Users\Debjani\Anaconda3\Tensorflow\addons\labelImg\images\new\crushed-pepsi-can-B8RFGE.jpg</path>
	<source>
		<database>Unknown</database>
	</source>
	<size>
		<width>800</width>
		<height>600</height>
		<depth>3</depth>
	</size>
	<segmented>0</segmented>
	<object>
		<name>can</name>
		<pose>Unspecified</pose>
		<truncated>0</truncated>
		<difficult>0</difficult>
		<bndbox>
			<xmin>280</xmin>
			<ymin>38</ymin>
			<xmax>605</xmax>
			<ymax>549</ymax>
		</bndbox>
	</object>
</annotation>
