<annotation>
	<folder>test_image</folder>
	<filename>D634_15_198_0004_600.jpg</filename>
	<path>C:\Users\Debjani\Anaconda3\Tensorflow\addons\labelImg\test_image\D634_15_198_0004_600.jpg</path>
	<source>
		<database>Unknown</database>
	</source>
	<size>
		<width>800</width>
		<height>600</height>
		<depth>3</depth>
	</size>
	<segmented>0</segmented>
	<object>
		<name>cardboard</name>
		<pose>Unspecified</pose>
		<truncated>0</truncated>
		<difficult>0</difficult>
		<bndbox>
			<xmin>339</xmin>
			<ymin>324</ymin>
			<xmax>526</xmax>
			<ymax>519</ymax>
		</bndbox>
	</object>
</annotation>
