<annotation>
	<folder>new</folder>
	<filename>depositphotos_187979810-stock-photo-yellow-maple-leaf-ground-close.jpg</filename>
	<path>C:\Users\Debjani\Anaconda3\Tensorflow\addons\labelImg\images\new\depositphotos_187979810-stock-photo-yellow-maple-leaf-ground-close.jpg</path>
	<source>
		<database>Unknown</database>
	</source>
	<size>
		<width>800</width>
		<height>600</height>
		<depth>3</depth>
	</size>
	<segmented>0</segmented>
	<object>
		<name>leaf</name>
		<pose>Unspecified</pose>
		<truncated>0</truncated>
		<difficult>0</difficult>
		<bndbox>
			<xmin>176</xmin>
			<ymin>258</ymin>
			<xmax>693</xmax>
			<ymax>462</ymax>
		</bndbox>
	</object>
	<object>
		<name>leaf</name>
		<pose>Unspecified</pose>
		<truncated>1</truncated>
		<difficult>0</difficult>
		<bndbox>
			<xmin>1</xmin>
			<ymin>346</ymin>
			<xmax>102</xmax>
			<ymax>426</ymax>
		</bndbox>
	</object>
	<object>
		<name>leaf</name>
		<pose>Unspecified</pose>
		<truncated>1</truncated>
		<difficult>0</difficult>
		<bndbox>
			<xmin>659</xmin>
			<ymin>192</ymin>
			<xmax>800</xmax>
			<ymax>258</ymax>
		</bndbox>
	</object>
</annotation>
