<annotation>
	<folder>test_image</folder>
	<filename>depositphotos_211231570-stock-photo-withered-white-rose-other-flowers.jpg</filename>
	<path>C:\Users\Debjani\Anaconda3\Tensorflow\addons\labelImg\test_image\depositphotos_211231570-stock-photo-withered-white-rose-other-flowers.jpg</path>
	<source>
		<database>Unknown</database>
	</source>
	<size>
		<width>800</width>
		<height>600</height>
		<depth>3</depth>
	</size>
	<segmented>0</segmented>
	<object>
		<name>flowers</name>
		<pose>Unspecified</pose>
		<truncated>1</truncated>
		<difficult>0</difficult>
		<bndbox>
			<xmin>8</xmin>
			<ymin>1</ymin>
			<xmax>795</xmax>
			<ymax>488</ymax>
		</bndbox>
	</object>
</annotation>
