<annotation>
	<folder>new</folder>
	<filename>depositphotos_196490178-stock-photo-used-alkaline-batteries-lie-soil.jpg</filename>
	<path>C:\Users\Debjani\Anaconda3\Tensorflow\addons\labelImg\images\new\depositphotos_196490178-stock-photo-used-alkaline-batteries-lie-soil.jpg</path>
	<source>
		<database>Unknown</database>
	</source>
	<size>
		<width>800</width>
		<height>600</height>
		<depth>3</depth>
	</size>
	<segmented>0</segmented>
	<object>
		<name>battery</name>
		<pose>Unspecified</pose>
		<truncated>0</truncated>
		<difficult>0</difficult>
		<bndbox>
			<xmin>372</xmin>
			<ymin>208</ymin>
			<xmax>548</xmax>
			<ymax>582</ymax>
		</bndbox>
	</object>
</annotation>
