<annotation>
	<folder>train</folder>
	<filename>depositphotos_193073880-stock-photo-used-alkaline-batteries-lie-in.jpg</filename>
	<path>C:\Users\Debjani\Anaconda3\Tensorflow\addons\labelImg\images\train\depositphotos_193073880-stock-photo-used-alkaline-batteries-lie-in.jpg</path>
	<source>
		<database>Unknown</database>
	</source>
	<size>
		<width>800</width>
		<height>600</height>
		<depth>3</depth>
	</size>
	<segmented>0</segmented>
	<object>
		<name>battery</name>
		<pose>Unspecified</pose>
		<truncated>0</truncated>
		<difficult>0</difficult>
		<bndbox>
			<xmin>52</xmin>
			<ymin>151</ymin>
			<xmax>341</xmax>
			<ymax>317</ymax>
		</bndbox>
	</object>
	<object>
		<name>battery</name>
		<pose>Unspecified</pose>
		<truncated>1</truncated>
		<difficult>0</difficult>
		<bndbox>
			<xmin>1</xmin>
			<ymin>296</ymin>
			<xmax>178</xmax>
			<ymax>495</ymax>
		</bndbox>
	</object>
</annotation>
