<annotation>
	<folder>test_data</folder>
	<filename>dirty-surgical-mask-throw-away-coronavirus-180869962.jpg</filename>
	<path>C:\Users\Debjani\Anaconda3\Tensorflow\addons\labelImg\test_data\dirty-surgical-mask-throw-away-coronavirus-180869962.jpg</path>
	<source>
		<database>Unknown</database>
	</source>
	<size>
		<width>800</width>
		<height>600</height>
		<depth>3</depth>
	</size>
	<segmented>0</segmented>
	<object>
		<name>mask</name>
		<pose>Unspecified</pose>
		<truncated>0</truncated>
		<difficult>0</difficult>
		<bndbox>
			<xmin>195</xmin>
			<ymin>122</ymin>
			<xmax>674</xmax>
			<ymax>548</ymax>
		</bndbox>
	</object>
</annotation>
