<annotation>
	<folder>train</folder>
	<filename>discard-cigarette-floor-58075089.jpg</filename>
	<path>C:\Users\Debjani\Anaconda3\Tensorflow\addons\labelImg\images\train\discard-cigarette-floor-58075089.jpg</path>
	<source>
		<database>Unknown</database>
	</source>
	<size>
		<width>800</width>
		<height>600</height>
		<depth>3</depth>
	</size>
	<segmented>0</segmented>
	<object>
		<name>burned_cigarette</name>
		<pose>Unspecified</pose>
		<truncated>0</truncated>
		<difficult>0</difficult>
		<bndbox>
			<xmin>188</xmin>
			<ymin>143</ymin>
			<xmax>456</xmax>
			<ymax>344</ymax>
		</bndbox>
	</object>
</annotation>
