<annotation>
	<folder>train</folder>
	<filename>discarded-aluminum-bud-lite-can-litter-rubbish-in-road-BAD2R5.jpg</filename>
	<path>C:\Users\Debjani\Anaconda3\Tensorflow\addons\labelImg\images\train\discarded-aluminum-bud-lite-can-litter-rubbish-in-road-BAD2R5.jpg</path>
	<source>
		<database>Unknown</database>
	</source>
	<size>
		<width>800</width>
		<height>600</height>
		<depth>3</depth>
	</size>
	<segmented>0</segmented>
	<object>
		<name>can</name>
		<pose>Unspecified</pose>
		<truncated>0</truncated>
		<difficult>0</difficult>
		<bndbox>
			<xmin>245</xmin>
			<ymin>250</ymin>
			<xmax>651</xmax>
			<ymax>522</ymax>
		</bndbox>
	</object>
</annotation>
