<annotation>
	<folder>test_image</folder>
	<filename>discarded-plastic-bottle-found-lying-on-the-grass-R7K6BR.jpg</filename>
	<path>C:\Users\Debjani\Anaconda3\Tensorflow\addons\labelImg\test_image\discarded-plastic-bottle-found-lying-on-the-grass-R7K6BR.jpg</path>
	<source>
		<database>Unknown</database>
	</source>
	<size>
		<width>800</width>
		<height>600</height>
		<depth>3</depth>
	</size>
	<segmented>0</segmented>
	<object>
		<name>bottle</name>
		<pose>Unspecified</pose>
		<truncated>0</truncated>
		<difficult>0</difficult>
		<bndbox>
			<xmin>141</xmin>
			<ymin>216</ymin>
			<xmax>705</xmax>
			<ymax>437</ymax>
		</bndbox>
	</object>
</annotation>
