<annotation>
	<folder>new</folder>
	<filename>discarded-old-newspaper-russian-fakenews-newsletter-old-rubbish-litter-decomposing-discarded-old-newspaper-159773157.jpg</filename>
	<path>C:\Users\Debjani\Anaconda3\Tensorflow\addons\labelImg\images\new\discarded-old-newspaper-russian-fakenews-newsletter-old-rubbish-litter-decomposing-discarded-old-newspaper-159773157.jpg</path>
	<source>
		<database>Unknown</database>
	</source>
	<size>
		<width>800</width>
		<height>600</height>
		<depth>3</depth>
	</size>
	<segmented>0</segmented>
	<object>
		<name>paper</name>
		<pose>Unspecified</pose>
		<truncated>1</truncated>
		<difficult>0</difficult>
		<bndbox>
			<xmin>191</xmin>
			<ymin>2</ymin>
			<xmax>800</xmax>
			<ymax>600</ymax>
		</bndbox>
	</object>
	<object>
		<name>leaf</name>
		<pose>Unspecified</pose>
		<truncated>0</truncated>
		<difficult>0</difficult>
		<bndbox>
			<xmin>144</xmin>
			<ymin>121</ymin>
			<xmax>268</xmax>
			<ymax>254</ymax>
		</bndbox>
	</object>
	<object>
		<name>leaf</name>
		<pose>Unspecified</pose>
		<truncated>0</truncated>
		<difficult>0</difficult>
		<bndbox>
			<xmin>287</xmin>
			<ymin>33</ymin>
			<xmax>345</xmax>
			<ymax>77</ymax>
		</bndbox>
	</object>
</annotation>
