<annotation>
	<folder>new</folder>
	<filename>discarded-portuguese-newspaper-reflecting-the-political-turmoil-unfolding-in-the-us-may-2019-TTW1WF.jpg</filename>
	<path>C:\Users\Debjani\Anaconda3\Tensorflow\addons\labelImg\images\new\discarded-portuguese-newspaper-reflecting-the-political-turmoil-unfolding-in-the-us-may-2019-TTW1WF.jpg</path>
	<source>
		<database>Unknown</database>
	</source>
	<size>
		<width>800</width>
		<height>600</height>
		<depth>3</depth>
	</size>
	<segmented>0</segmented>
	<object>
		<name>paper</name>
		<pose>Unspecified</pose>
		<truncated>0</truncated>
		<difficult>0</difficult>
		<bndbox>
			<xmin>35</xmin>
			<ymin>97</ymin>
			<xmax>687</xmax>
			<ymax>461</ymax>
		</bndbox>
	</object>
</annotation>
