<annotation>
	<folder>test_image</folder>
	<filename>discarded-battery-in-countryside-birmingham-west-midlands-uk-2A1DMD5.jpg</filename>
	<path>C:\Users\Debjani\Anaconda3\Tensorflow\addons\labelImg\test_image\discarded-battery-in-countryside-birmingham-west-midlands-uk-2A1DMD5.jpg</path>
	<source>
		<database>Unknown</database>
	</source>
	<size>
		<width>800</width>
		<height>600</height>
		<depth>3</depth>
	</size>
	<segmented>0</segmented>
	<object>
		<name>battery</name>
		<pose>Unspecified</pose>
		<truncated>0</truncated>
		<difficult>0</difficult>
		<bndbox>
			<xmin>233</xmin>
			<ymin>229</ymin>
			<xmax>637</xmax>
			<ymax>494</ymax>
		</bndbox>
	</object>
</annotation>
