<annotation>
	<folder>new</folder>
	<filename>download.jpg</filename>
	<path>C:\Users\Debjani\Anaconda3\Tensorflow\addons\labelImg\images\new\new\download.jpg</path>
	<source>
		<database>Unknown</database>
	</source>
	<size>
		<width>800</width>
		<height>600</height>
		<depth>3</depth>
	</size>
	<segmented>0</segmented>
	<object>
		<name>tv_pc</name>
		<pose>Unspecified</pose>
		<truncated>0</truncated>
		<difficult>0</difficult>
		<bndbox>
			<xmin>149</xmin>
			<ymin>164</ymin>
			<xmax>315</xmax>
			<ymax>315</ymax>
		</bndbox>
	</object>
	<object>
		<name>tv_pc</name>
		<pose>Unspecified</pose>
		<truncated>1</truncated>
		<difficult>0</difficult>
		<bndbox>
			<xmin>60</xmin>
			<ymin>352</ymin>
			<xmax>367</xmax>
			<ymax>600</ymax>
		</bndbox>
	</object>
	<object>
		<name>tv_pc</name>
		<pose>Unspecified</pose>
		<truncated>0</truncated>
		<difficult>0</difficult>
		<bndbox>
			<xmin>601</xmin>
			<ymin>151</ymin>
			<xmax>768</xmax>
			<ymax>288</ymax>
		</bndbox>
	</object>
	<object>
		<name>keyboard</name>
		<pose>Unspecified</pose>
		<truncated>1</truncated>
		<difficult>0</difficult>
		<bndbox>
			<xmin>1</xmin>
			<ymin>264</ymin>
			<xmax>86</xmax>
			<ymax>345</ymax>
		</bndbox>
	</object>
	<object>
		<name>tv_pc</name>
		<pose>Unspecified</pose>
		<truncated>0</truncated>
		<difficult>0</difficult>
		<bndbox>
			<xmin>548</xmin>
			<ymin>56</ymin>
			<xmax>694</xmax>
			<ymax>194</ymax>
		</bndbox>
	</object>
</annotation>
