<annotation>
	<folder>new</folder>
	<filename>e-waste-batteries.jpg</filename>
	<path>C:\Users\Debjani\Anaconda3\Tensorflow\addons\labelImg\images\new\e-waste-batteries.jpg</path>
	<source>
		<database>Unknown</database>
	</source>
	<size>
		<width>800</width>
		<height>600</height>
		<depth>3</depth>
	</size>
	<segmented>0</segmented>
	<object>
		<name>battery</name>
		<pose>Unspecified</pose>
		<truncated>0</truncated>
		<difficult>0</difficult>
		<bndbox>
			<xmin>107</xmin>
			<ymin>17</ymin>
			<xmax>352</xmax>
			<ymax>246</ymax>
		</bndbox>
	</object>
	<object>
		<name>battery</name>
		<pose>Unspecified</pose>
		<truncated>0</truncated>
		<difficult>0</difficult>
		<bndbox>
			<xmin>451</xmin>
			<ymin>11</ymin>
			<xmax>673</xmax>
			<ymax>229</ymax>
		</bndbox>
	</object>
	<object>
		<name>battery</name>
		<pose>Unspecified</pose>
		<truncated>0</truncated>
		<difficult>0</difficult>
		<bndbox>
			<xmin>547</xmin>
			<ymin>239</ymin>
			<xmax>795</xmax>
			<ymax>411</ymax>
		</bndbox>
	</object>
	<object>
		<name>battery</name>
		<pose>Unspecified</pose>
		<truncated>0</truncated>
		<difficult>0</difficult>
		<bndbox>
			<xmin>444</xmin>
			<ymin>199</ymin>
			<xmax>558</xmax>
			<ymax>425</ymax>
		</bndbox>
	</object>
	<object>
		<name>battery</name>
		<pose>Unspecified</pose>
		<truncated>0</truncated>
		<difficult>0</difficult>
		<bndbox>
			<xmin>273</xmin>
			<ymin>284</ymin>
			<xmax>437</xmax>
			<ymax>422</ymax>
		</bndbox>
	</object>
	<object>
		<name>battery</name>
		<pose>Unspecified</pose>
		<truncated>1</truncated>
		<difficult>0</difficult>
		<bndbox>
			<xmin>536</xmin>
			<ymin>388</ymin>
			<xmax>741</xmax>
			<ymax>600</ymax>
		</bndbox>
	</object>
	<object>
		<name>battery</name>
		<pose>Unspecified</pose>
		<truncated>1</truncated>
		<difficult>0</difficult>
		<bndbox>
			<xmin>317</xmin>
			<ymin>498</ymin>
			<xmax>440</xmax>
			<ymax>600</ymax>
		</bndbox>
	</object>
	<object>
		<name>battery</name>
		<pose>Unspecified</pose>
		<truncated>0</truncated>
		<difficult>0</difficult>
		<bndbox>
			<xmin>354</xmin>
			<ymin>165</ymin>
			<xmax>443</xmax>
			<ymax>315</ymax>
		</bndbox>
	</object>
</annotation>
