<annotation>
	<folder>new</folder>
	<filename>EarthShare-News-Blog-Reduce-Your-Paper-Waste.jpg</filename>
	<path>C:\Users\Debjani\Anaconda3\Tensorflow\addons\labelImg\images\new\EarthShare-News-Blog-Reduce-Your-Paper-Waste.jpg</path>
	<source>
		<database>Unknown</database>
	</source>
	<size>
		<width>800</width>
		<height>600</height>
		<depth>3</depth>
	</size>
	<segmented>0</segmented>
	<object>
		<name>paper</name>
		<pose>Unspecified</pose>
		<truncated>0</truncated>
		<difficult>0</difficult>
		<bndbox>
			<xmin>104</xmin>
			<ymin>54</ymin>
			<xmax>747</xmax>
			<ymax>536</ymax>
		</bndbox>
	</object>
</annotation>
