<annotation>
	<folder>new</folder>
	<filename>electronic-waste-stack-together-monitor-printer-desktop-computer-fax-for-waiting-to-be-recycled-produced-from-plastic-copper-glass-can-be-reus (1).jpg</filename>
	<path>C:\Users\Debjani\Anaconda3\Tensorflow\addons\labelImg\images\new\new\electronic-waste-stack-together-monitor-printer-desktop-computer-fax-for-waiting-to-be-recycled-produced-from-plastic-copper-glass-can-be-reus (1).jpg</path>
	<source>
		<database>Unknown</database>
	</source>
	<size>
		<width>800</width>
		<height>600</height>
		<depth>3</depth>
	</size>
	<segmented>0</segmented>
	<object>
		<name>tv_pc</name>
		<pose>Unspecified</pose>
		<truncated>1</truncated>
		<difficult>0</difficult>
		<bndbox>
			<xmin>2</xmin>
			<ymin>1</ymin>
			<xmax>419</xmax>
			<ymax>387</ymax>
		</bndbox>
	</object>
	<object>
		<name>tv_pc</name>
		<pose>Unspecified</pose>
		<truncated>0</truncated>
		<difficult>0</difficult>
		<bndbox>
			<xmin>247</xmin>
			<ymin>14</ymin>
			<xmax>575</xmax>
			<ymax>240</ymax>
		</bndbox>
	</object>
	<object>
		<name>tv_pc</name>
		<pose>Unspecified</pose>
		<truncated>0</truncated>
		<difficult>0</difficult>
		<bndbox>
			<xmin>295</xmin>
			<ymin>229</ymin>
			<xmax>613</xmax>
			<ymax>586</ymax>
		</bndbox>
	</object>
</annotation>
