<annotation>
	<folder>new</folder>
	<filename>Electrical-Hardware.jpg</filename>
	<path>C:\Users\Debjani\Anaconda3\Tensorflow\addons\labelImg\images\new\new\Electrical-Hardware.jpg</path>
	<source>
		<database>Unknown</database>
	</source>
	<size>
		<width>800</width>
		<height>600</height>
		<depth>3</depth>
	</size>
	<segmented>0</segmented>
	<object>
		<name>circuit_board</name>
		<pose>Unspecified</pose>
		<truncated>1</truncated>
		<difficult>0</difficult>
		<bndbox>
			<xmin>1</xmin>
			<ymin>46</ymin>
			<xmax>344</xmax>
			<ymax>306</ymax>
		</bndbox>
	</object>
	<object>
		<name>circuit_board</name>
		<pose>Unspecified</pose>
		<truncated>0</truncated>
		<difficult>0</difficult>
		<bndbox>
			<xmin>303</xmin>
			<ymin>198</ymin>
			<xmax>563</xmax>
			<ymax>464</ymax>
		</bndbox>
	</object>
	<object>
		<name>circuit_board</name>
		<pose>Unspecified</pose>
		<truncated>1</truncated>
		<difficult>0</difficult>
		<bndbox>
			<xmin>18</xmin>
			<ymin>419</ymin>
			<xmax>324</xmax>
			<ymax>600</ymax>
		</bndbox>
	</object>
	<object>
		<name>circuit_board</name>
		<pose>Unspecified</pose>
		<truncated>0</truncated>
		<difficult>0</difficult>
		<bndbox>
			<xmin>2</xmin>
			<ymin>106</ymin>
			<xmax>87</xmax>
			<ymax>258</ymax>
		</bndbox>
	</object>
	<object>
		<name>circuit_board</name>
		<pose>Unspecified</pose>
		<truncated>0</truncated>
		<difficult>0</difficult>
		<bndbox>
			<xmin>139</xmin>
			<ymin>227</ymin>
			<xmax>323</xmax>
			<ymax>387</ymax>
		</bndbox>
	</object>
	<object>
		<name>circuit_board</name>
		<pose>Unspecified</pose>
		<truncated>1</truncated>
		<difficult>0</difficult>
		<bndbox>
			<xmin>1</xmin>
			<ymin>319</ymin>
			<xmax>174</xmax>
			<ymax>474</ymax>
		</bndbox>
	</object>
</annotation>
