<annotation>
	<folder>train</folder>
	<filename>electronic-discarded-battery-waste-sandy-sea-coast-ecosystem-sea-pollution-disease-electronic-discarded-battery-waste-sandy-187910165.jpg</filename>
	<path>C:\Users\Debjani\Anaconda3\Tensorflow\addons\labelImg\images\train\electronic-discarded-battery-waste-sandy-sea-coast-ecosystem-sea-pollution-disease-electronic-discarded-battery-waste-sandy-187910165.jpg</path>
	<source>
		<database>Unknown</database>
	</source>
	<size>
		<width>800</width>
		<height>600</height>
		<depth>3</depth>
	</size>
	<segmented>0</segmented>
	<object>
		<name>battery</name>
		<pose>Unspecified</pose>
		<truncated>0</truncated>
		<difficult>0</difficult>
		<bndbox>
			<xmin>335</xmin>
			<ymin>239</ymin>
			<xmax>541</xmax>
			<ymax>387</ymax>
		</bndbox>
	</object>
	<object>
		<name>battery</name>
		<pose>Unspecified</pose>
		<truncated>0</truncated>
		<difficult>0</difficult>
		<bndbox>
			<xmin>101</xmin>
			<ymin>420</ymin>
			<xmax>298</xmax>
			<ymax>475</ymax>
		</bndbox>
	</object>
	<object>
		<name>battery</name>
		<pose>Unspecified</pose>
		<truncated>0</truncated>
		<difficult>0</difficult>
		<bndbox>
			<xmin>383</xmin>
			<ymin>184</ymin>
			<xmax>558</xmax>
			<ymax>284</ymax>
		</bndbox>
	</object>
	<object>
		<name>battery</name>
		<pose>Unspecified</pose>
		<truncated>0</truncated>
		<difficult>0</difficult>
		<bndbox>
			<xmin>637</xmin>
			<ymin>303</ymin>
			<xmax>737</xmax>
			<ymax>489</ymax>
		</bndbox>
	</object>
	<object>
		<name>battery</name>
		<pose>Unspecified</pose>
		<truncated>0</truncated>
		<difficult>0</difficult>
		<bndbox>
			<xmin>332</xmin>
			<ymin>302</ymin>
			<xmax>386</xmax>
			<ymax>397</ymax>
		</bndbox>
	</object>
</annotation>
